DATE,TIME,OPEN,HIGH,LOW,CLOSE,VOLUME
2024-09-03,18:00,19224.0,19225.0,19224.0,19225.0,2
2024-09-03,18:01,19225.0,19235.5,19220.25,19235.5,27
2024-09-03,18:02,19235.5,19235.5,19220.0,19220.0,8
2024-09-03,18:03,19211.0,19211.0,19199.5,19199.5,7
2024-09-03,18:04,19214.75,19214.75,19205.5,19205.5,2
2024-09-03,18:05,19206.0,19206.0,19197.5,19197.5,8
2024-09-03,18:06,19198.75,19199.25,19198.0,19199.25,4
2024-09-03,18:07,19203.0,19203.0,19183.75,19183.75,108
2024-09-03,18:08,19186.25,19186.25,19173.75,19182.0,13
2024-09-03,18:09,19180.75,19180.75,19180.75,19180.75,1
2024-09-03,18:11,19190.0,19204.25,19189.75,19200.0,21
2024-09-03,18:13,19200.25,19202.5,19200.25,19202.5,3
2024-09-03,18:14,19202.75,19207.75,19202.75,19207.75,7
2024-09-03,18:16,19210.5,19215.0,19200.0,19200.0,7
2024-09-03,18:17,19200.0,19200.0,19200.0,19200.0,1
2024-09-03,18:19,19210.0,19210.0,19207.25,19207.25,2
2024-09-03,18:20,19212.75,19212.75,19212.75,19212.75,1
2024-09-03,18:21,19219.25,19219.25,19219.25,19219.25,1
2024-09-03,18:22,19219.75,19219.75,19219.25,19219.25,3
2024-09-03,18:23,19219.25,19220.0,19219.25,19220.0,2
2024-09-03,18:24,19223.5,19223.5,19220.0,19220.0,3
2024-09-03,18:25,19219.25,19219.25,19219.25,19219.25,1
2024-09-03,18:26,19212.75,19216.25,19212.75,19216.25,4
2024-09-03,18:27,19208.5,19208.5,19206.25,19206.25,9
2024-09-03,18:28,19207.5,19208.5,19207.5,19208.25,5
2024-09-03,18:29,19211.5,19211.75,19211.5,19211.75,7
2024-09-03,18:30,19212.5,19212.5,19212.5,19212.5,3
2024-09-03,18:31,19213.75,19213.75,19213.75,19213.75,1
2024-09-03,18:32,19210.75,19210.75,19210.75,19210.75,3
2024-09-03,18:34,19215.0,19215.0,19215.0,19215.0,2
2024-09-03,18:37,19215.0,19215.0,19215.0,19215.0,1
2024-09-03,18:39,19220.5,19220.5,19218.75,19218.75,4
2024-09-03,18:40,19217.25,19217.25,19217.25,19217.25,1
2024-09-03,18:41,19217.75,19217.75,19217.75,19217.75,1
2024-09-03,18:42,19217.75,19217.75,19215.0,19215.0,12
2024-09-03,18:43,19215.0,19215.0,19215.0,19215.0,2
2024-09-03,18:44,19214.5,19214.5,19214.5,19214.5,5
2024-09-03,18:46,19214.75,19217.25,19214.75,19217.25,3
2024-09-03,18:49,19211.5,19211.5,19211.5,19211.5,1
2024-09-03,18:50,19208.5,19208.5,19208.5,19208.5,2
2024-09-03,18:52,19213.25,19213.25,19213.25,19213.25,1
2024-09-03,18:53,19211.75,19211.75,19211.75,19211.75,1
2024-09-03,18:54,19207.5,19207.5,19199.0,19199.0,4
2024-09-03,18:55,19190.5,19196.25,19188.25,19194.75,12
2024-09-03,18:56,19188.0,19191.25,19185.75,19185.75,6
2024-09-03,18:57,19189.5,19189.5,19189.5,19189.5,1
2024-09-03,18:58,19191.5,19191.5,19185.75,19185.75,2
2024-09-03,18:59,19186.0,19190.25,19186.0,19190.25,2
2024-09-03,19:00,19190.0,19192.0,19190.0,19192.0,5
2024-09-03,19:01,19188.75,19190.5,19188.75,19190.5,4
2024-09-03,19:02,19188.0,19188.0,19188.0,19188.0,3
2024-09-03,19:04,19189.0,19192.75,19189.0,19192.75,2
2024-09-03,19:05,19186.0,19186.5,19181.0,19186.5,9
2024-09-03,19:06,19186.5,19186.5,19181.25,19181.25,6
2024-09-03,19:07,19177.0,19177.0,19176.5,19176.5,3
2024-09-03,19:08,19177.0,19177.25,19177.0,19177.25,2
2024-09-03,19:09,19180.75,19184.5,19180.75,19184.5,25
2024-09-03,19:10,19180.0,19180.0,19177.25,19177.25,3
2024-09-03,19:11,19179.75,19184.25,19179.75,19184.25,3
2024-09-03,19:13,19190.0,19190.0,19189.5,19189.5,3
2024-09-03,19:14,19195.0,19198.25,19195.0,19198.25,2
2024-09-03,19:15,19200.0,19200.75,19200.0,19200.75,10
2024-09-03,19:17,19197.75,19197.75,19193.75,19197.0,4
2024-09-03,19:22,19198.75,19198.75,19198.75,19198.75,3
2024-09-03,19:23,19196.75,19200.0,19196.5,19200.0,6
2024-09-03,19:24,19199.0,19199.0,19198.75,19198.75,4
2024-09-03,19:28,19190.0,19190.0,19183.5,19185.0,4
2024-09-03,19:32,19184.0,19184.0,19184.0,19184.0,1
2024-09-03,19:36,19192.5,19194.5,19192.5,19194.5,5
2024-09-03,19:37,19187.0,19187.0,19184.75,19184.75,2
2024-09-03,19:38,19183.75,19183.75,19183.5,19183.5,5
2024-09-03,19:39,19181.25,19181.25,19180.0,19180.25,11
2024-09-03,19:40,19180.5,19180.5,19180.5,19180.5,6
2024-09-03,19:42,19179.5,19179.5,19179.5,19179.5,2
2024-09-03,19:43,19183.75,19183.75,19183.75,19183.75,1
2024-09-03,19:44,19185.0,19190.0,19185.0,19190.0,2
2024-09-03,19:46,19190.75,19190.75,19190.75,19190.75,5
2024-09-03,19:47,19189.0,19189.0,19189.0,19189.0,2
2024-09-03,19:48,19188.75,19188.75,19188.75,19188.75,1
2024-09-03,19:49,19185.0,19185.0,19175.0,19175.0,4
2024-09-03,19:50,19173.5,19173.5,19163.5,19172.0,20
2024-09-03,19:51,19169.25,19169.25,19169.25,19169.25,1
2024-09-03,19:52,19180.0,19188.75,19180.0,19188.75,11
2024-09-03,19:53,19193.0,19196.5,19193.0,19196.5,4
2024-09-03,19:54,19196.5,19196.5,19196.5,19196.5,4
2024-09-03,19:55,19192.0,19192.75,19192.0,19192.75,2
2024-09-03,19:57,19192.75,19192.75,19192.0,19192.0,3
2024-09-03,19:59,19186.25,19187.0,19184.75,19184.75,6
2024-09-03,20:00,19198.5,19198.5,19198.5,19198.5,2
2024-09-03,20:01,19196.75,19200.0,19196.75,19200.0,4
2024-09-03,20:02,19193.5,19194.75,19193.5,19194.75,3
2024-09-03,20:03,19193.5,19196.0,19192.5,19192.5,8
2024-09-03,20:04,19195.0,19200.0,19195.0,19200.0,6
2024-09-03,20:05,19200.0,19202.0,19197.5,19201.0,23
2024-09-03,20:06,19202.0,19202.0,19202.0,19202.0,2
2024-09-03,20:07,19202.75,19204.0,19202.75,19204.0,8
2024-09-03,20:08,19203.5,19210.0,19203.5,19205.75,11
2024-09-03,20:09,19208.5,19209.75,19206.0,19206.0,9
2024-09-03,20:11,19201.0,19201.0,19197.75,19197.75,2
2024-09-03,20:12,19199.0,19199.0,19199.0,19199.0,1
2024-09-03,20:13,19200.25,19200.25,19200.25,19200.25,3
2024-09-03,20:14,19201.25,19201.25,19201.25,19201.25,2
2024-09-03,20:15,19201.25,19201.25,19201.25,19201.25,1
2024-09-03,20:16,19200.0,19200.0,19200.0,19200.0,1
2024-09-03,20:17,19195.75,19195.75,19193.5,19193.5,2
2024-09-03,20:18,19193.75,19196.25,19192.25,19192.25,4
2024-09-03,20:19,19185.0,19194.0,19185.0,19194.0,4
2024-09-03,20:21,19190.5,19191.0,19190.5,19191.0,3
2024-09-03,20:22,19193.5,19193.5,19191.25,19191.25,3
2024-09-03,20:23,19199.0,19199.0,19199.0,19199.0,1
2024-09-03,20:24,19200.0,19200.0,19200.0,19200.0,1
2024-09-03,20:25,19197.5,19197.75,19195.5,19195.5,3
2024-09-03,20:26,19193.0,19193.0,19193.0,19193.0,1
2024-09-03,20:27,19190.25,19190.25,19186.0,19188.5,3
2024-09-03,20:28,19184.75,19184.75,19184.5,19184.5,5
2024-09-03,20:29,19181.25,19182.5,19178.75,19182.5,10
2024-09-03,20:30,19176.25,19176.25,19175.25,19176.25,4
2024-09-03,20:31,19176.5,19176.5,19176.5,19176.5,4
2024-09-03,20:32,19179.0,19179.0,19179.0,19179.0,1
2024-09-03,20:33,19179.5,19180.5,19178.0,19178.5,5
2024-09-03,20:35,19183.25,19183.25,19183.25,19183.25,2
2024-09-03,20:36,19179.5,19180.5,19176.75,19176.75,5
2024-09-03,20:37,19175.5,19175.5,19168.0,19171.5,12
2024-09-03,20:38,19165.0,19165.0,19122.0,19136.5,66
2024-09-03,20:39,19136.5,19136.75,19125.75,19127.25,68
2024-09-03,20:40,19126.25,19139.0,19126.25,19138.5,31
2024-09-03,20:41,19134.75,19135.5,19130.0,19130.25,17
2024-09-03,20:42,19131.25,19131.25,19120.75,19128.25,25
2024-09-03,20:43,19125.75,19125.75,19112.5,19121.75,50
2024-09-03,20:44,19116.25,19118.0,19100.0,19116.75,52
2024-09-03,20:45,19115.75,19119.75,19110.25,19119.75,21
2024-09-03,20:46,19124.5,19135.0,19124.0,19132.75,20
2024-09-03,20:47,19132.75,19134.25,19131.25,19133.75,19
2024-09-03,20:48,19132.5,19146.5,19130.25,19146.5,22
2024-09-03,20:49,19145.5,19150.75,19145.0,19150.75,23
2024-09-03,20:50,19150.25,19158.5,19143.0,19154.5,66
2024-09-03,20:51,19155.25,19155.25,19146.5,19146.5,22
2024-09-03,20:52,19148.0,19148.0,19124.25,19126.0,19
2024-09-03,20:53,19129.25,19129.25,19115.5,19116.25,59
2024-09-03,20:54,19110.0,19118.0,19109.25,19111.25,36
2024-09-03,20:55,19113.25,19120.0,19107.5,19120.0,40
2024-09-03,20:56,19121.0,19126.0,19114.0,19114.0,36
2024-09-03,20:57,19119.25,19120.0,19072.75,19080.5,138
2024-09-03,20:58,19088.5,19095.25,19085.0,19090.5,58
2024-09-03,20:59,19090.0,19090.0,19069.5,19075.75,64
2024-09-03,21:00,19077.0,19086.75,19076.0,19076.5,28
2024-09-03,21:01,19074.75,19074.75,19065.25,19067.5,32
2024-09-03,21:02,19068.75,19073.0,19056.0,19073.0,131
2024-09-03,21:03,19072.25,19072.25,19064.25,19068.75,36
2024-09-03,21:04,19076.0,19081.25,19075.0,19079.25,11
2024-09-03,21:05,19076.5,19089.0,19072.5,19087.5,30
2024-09-03,21:06,19088.25,19092.0,19087.25,19089.75,35
2024-09-03,21:07,19088.5,19088.5,19082.5,19084.0,15
2024-09-03,21:08,19084.0,19095.25,19082.5,19094.75,33
2024-09-03,21:09,19096.25,19102.75,19093.75,19100.25,33
2024-09-03,21:10,19102.0,19102.0,19090.25,19090.25,15
2024-09-03,21:11,19087.25,19093.75,19087.25,19088.5,14
2024-09-03,21:12,19090.5,19094.25,19088.5,19094.0,17
2024-09-03,21:13,19095.25,19095.25,19094.75,19094.75,4
2024-09-03,21:14,19098.0,19098.0,19093.25,19094.0,7
2024-09-03,21:15,19092.0,19092.5,19090.0,19092.5,6
2024-09-03,21:16,19090.0,19093.0,19084.0,19093.0,25
2024-09-03,21:17,19090.0,19090.0,19080.25,19081.5,7
2024-09-03,21:18,19080.0,19080.5,19070.25,19072.75,32
2024-09-03,21:19,19073.5,19074.5,19054.25,19054.25,20
2024-09-03,21:20,19058.25,19070.75,19057.5,19068.5,38
2024-09-03,21:21,19072.75,19085.75,19072.75,19084.25,18
2024-09-03,21:22,19080.0,19084.25,19078.25,19081.5,53
2024-09-03,21:23,19078.5,19081.25,19077.25,19081.25,18
2024-09-03,21:24,19082.25,19082.25,19065.0,19065.0,16
2024-09-03,21:25,19063.75,19075.5,19063.75,19073.0,30
2024-09-03,21:26,19077.0,19084.75,19076.0,19081.25,25
2024-09-03,21:27,19077.75,19081.5,19076.0,19076.5,18
2024-09-03,21:28,19078.75,19095.0,19078.75,19094.75,35
2024-09-03,21:29,19094.75,19102.0,19094.75,19098.75,35
2024-09-03,21:30,19103.0,19114.0,19100.25,19114.0,34
2024-09-03,21:31,19111.25,19119.75,19111.25,19118.5,19
2024-09-03,21:32,19117.5,19117.5,19111.0,19116.5,13
2024-09-03,21:33,19125.0,19128.0,19121.25,19124.0,18
2024-09-03,21:34,19121.25,19133.25,19121.25,19130.0,16
2024-09-03,21:35,19134.0,19137.25,19131.75,19131.75,12
2024-09-03,21:36,19136.25,19139.5,19135.0,19139.5,11
2024-09-03,21:37,19137.75,19138.0,19133.5,19137.25,9
2024-09-03,21:38,19135.0,19135.5,19126.75,19132.5,40
2024-09-03,21:39,19127.0,19136.75,19127.0,19136.75,6
2024-09-03,21:40,19139.75,19152.0,19136.25,19136.25,87
2024-09-03,21:41,19137.75,19143.0,19134.75,19143.0,20
2024-09-03,21:42,19144.0,19149.25,19144.0,19149.25,23
2024-09-03,21:43,19149.5,19150.0,19136.25,19137.5,16
2024-09-03,21:44,19134.25,19134.75,19133.0,19134.75,7
2024-09-03,21:45,19139.25,19143.75,19139.25,19143.25,15
2024-09-03,21:46,19143.25,19147.0,19143.0,19147.0,16
2024-09-03,21:47,19157.0,19157.0,19141.75,19143.0,11
2024-09-03,21:48,19140.0,19151.5,19140.0,19151.25,6
2024-09-03,21:49,19154.0,19154.0,19154.0,19154.0,1
2024-09-03,21:50,19156.0,19156.0,19153.25,19154.5,6
2024-09-03,21:52,19148.0,19153.75,19148.0,19151.5,17
2024-09-03,21:53,19151.75,19151.75,19147.75,19147.75,8
2024-09-03,21:54,19143.5,19143.5,19140.25,19143.5,8
2024-09-03,21:55,19141.5,19141.75,19141.5,19141.75,2
2024-09-03,21:56,19139.25,19139.25,19133.75,19133.75,12
2024-09-03,21:57,19136.5,19144.75,19135.5,19143.5,11
2024-09-03,21:58,19145.75,19150.0,19143.75,19143.75,8
2024-09-03,21:59,19138.25,19138.25,19113.25,19113.25,11
2024-09-03,22:00,19114.0,19121.0,19107.5,19121.0,33
2024-09-03,22:01,19121.75,19121.75,19107.75,19107.75,34
2024-09-03,22:02,19109.0,19122.25,19108.0,19119.0,11
2024-09-03,22:03,19116.75,19116.75,19111.5,19114.75,13
2024-09-03,22:04,19121.75,19123.0,19121.75,19123.0,8
2024-09-03,22:05,19115.25,19115.25,19112.0,19112.5,5
2024-09-03,22:06,19112.5,19113.0,19111.0,19113.0,9
2024-09-03,22:07,19117.25,19117.25,19114.0,19115.75,5
2024-09-03,22:08,19119.5,19122.25,19117.75,19117.75,5
2024-09-03,22:09,19119.0,19119.0,19119.0,19119.0,1
2024-09-03,22:10,19120.0,19127.75,19120.0,19127.75,10
2024-09-03,22:11,19125.0,19125.0,19124.75,19124.75,4
2024-09-03,22:12,19129.5,19129.5,19119.25,19122.75,20
2024-09-03,22:13,19124.5,19124.5,19124.5,19124.5,1
2024-09-03,22:14,19128.25,19130.25,19128.25,19129.5,4
2024-09-03,22:20,19136.0,19136.0,19136.0,19136.0,1
2024-09-03,22:21,19137.0,19137.0,19134.75,19134.75,2
2024-09-03,22:22,19150.0,19151.25,19146.75,19151.25,7
2024-09-03,22:23,19147.5,19147.5,19143.5,19147.5,10
2024-09-03,22:24,19146.75,19146.75,19146.75,19146.75,1
2024-09-03,22:25,19148.25,19152.75,19144.75,19149.5,10
2024-09-03,22:26,19152.25,19155.75,19151.75,19151.75,11
2024-09-03,22:27,19152.0,19155.75,19152.0,19154.25,4
2024-09-03,22:28,19154.25,19154.25,19149.75,19150.0,6
2024-09-03,22:29,19147.0,19152.5,19147.0,19152.5,13
2024-09-03,22:30,19150.75,19156.75,19149.5,19155.0,15
2024-09-03,22:31,19157.5,19158.75,19156.0,19156.5,4
2024-09-03,22:32,19154.0,19154.0,19152.0,19152.0,7
2024-09-03,22:35,19152.5,19155.25,19152.5,19152.75,27
2024-09-03,22:36,19156.0,19156.0,19154.25,19155.25,11
2024-09-03,22:37,19146.0,19150.0,19146.0,19146.25,11
2024-09-03,22:39,19156.5,19157.0,19151.5,19151.5,7
2024-09-03,22:40,19138.5,19138.5,19132.25,19132.25,5
2024-09-03,22:42,19134.25,19135.5,19126.75,19131.25,24
2024-09-03,22:44,19134.75,19134.75,19126.5,19126.5,5
2024-09-03,22:45,19121.0,19121.5,19118.5,19119.75,10
2024-09-03,22:47,19133.5,19140.25,19133.5,19140.25,9
2024-09-03,22:48,19141.25,19141.25,19141.25,19141.25,3
2024-09-03,22:49,19133.25,19133.25,19132.0,19132.0,3
2024-09-03,22:50,19127.75,19130.75,19127.75,19128.75,7
2024-09-03,22:51,19131.0,19131.0,19128.0,19130.0,7
2024-09-03,22:52,19132.75,19132.75,19132.75,19132.75,3
2024-09-03,22:53,19130.0,19130.0,19130.0,19130.0,4
2024-09-03,22:54,19129.75,19132.0,19129.75,19132.0,2
2024-09-03,22:55,19120.0,19125.0,19120.0,19124.25,8
2024-09-03,22:56,19122.75,19125.0,19122.75,19125.0,3
2024-09-03,22:58,19118.25,19118.25,19110.25,19113.75,4
2024-09-03,22:59,19110.0,19110.25,19105.0,19110.25,23
2024-09-03,23:00,19122.25,19128.75,19122.25,19128.75,5
2024-09-03,23:01,19133.0,19138.0,19133.0,19136.0,8
2024-09-03,23:02,19140.75,19140.75,19136.0,19136.0,3
2024-09-03,23:03,19140.25,19140.75,19140.25,19140.75,2
2024-09-03,23:05,19137.75,19137.75,19135.0,19135.0,2
2024-09-03,23:08,19135.0,19135.0,19135.0,19135.0,1
2024-09-03,23:09,19133.0,19133.0,19133.0,19133.0,1
2024-09-03,23:10,19130.75,19131.0,19130.75,19131.0,2
2024-09-03,23:11,19126.5,19126.5,19126.5,19126.5,2
2024-09-03,23:12,19123.75,19123.75,19123.75,19123.75,1
2024-09-03,23:13,19122.25,19126.0,19122.25,19126.0,4
2024-09-03,23:14,19123.75,19124.0,19123.75,19124.0,2
2024-09-03,23:15,19123.0,19125.0,19123.0,19123.5,5
2024-09-03,23:16,19125.75,19126.25,19125.75,19126.25,6
2024-09-03,23:17,19123.25,19125.0,19123.25,19125.0,3
2024-09-03,23:19,19131.0,19131.0,19128.75,19130.5,4
2024-09-03,23:22,19120.75,19121.5,19120.0,19121.25,5
2024-09-03,23:23,19111.0,19111.0,19110.0,19110.0,3
2024-09-03,23:24,19110.0,19115.0,19110.0,19114.75,5
2024-09-03,23:25,19115.0,19115.0,19111.0,19111.0,5
2024-09-03,23:26,19115.0,19115.0,19114.0,19114.0,2
2024-09-03,23:29,19111.25,19111.25,19110.5,19110.5,3
2024-09-03,23:30,19118.75,19118.75,19118.75,19118.75,2
2024-09-03,23:31,19116.75,19116.75,19116.75,19116.75,2
2024-09-03,23:32,19116.75,19123.5,19116.75,19123.5,4
2024-09-03,23:33,19111.0,19113.25,19111.0,19113.25,3
2024-09-03,23:35,19109.75,19109.75,19108.0,19108.5,3
2024-09-03,23:36,19112.5,19112.5,19112.5,19112.5,2
2024-09-03,23:37,19110.5,19113.0,19110.5,19113.0,2
2024-09-03,23:38,19112.0,19112.0,19109.75,19109.75,2
2024-09-03,23:39,19110.5,19110.5,19110.5,19110.5,1
2024-09-03,23:40,19110.25,19117.0,19099.25,19116.75,39
2024-09-03,23:41,19118.25,19118.25,19118.25,19118.25,1
2024-09-03,23:42,19118.25,19118.25,19114.75,19114.75,2
2024-09-03,23:43,19107.0,19109.0,19105.75,19106.75,6
2024-09-03,23:44,19106.5,19106.75,19105.5,19106.75,5
2024-09-03,23:45,19110.0,19111.0,19108.5,19111.0,18
2024-09-03,23:46,19112.75,19115.0,19105.5,19105.5,6
2024-09-03,23:47,19105.0,19106.0,19103.75,19103.75,9
2024-09-03,23:48,19108.5,19108.5,19105.25,19105.25,5
2024-09-03,23:49,19105.5,19106.0,19100.75,19103.5,11
2024-09-03,23:50,19102.5,19105.5,19100.25,19100.25,9
2024-09-03,23:51,19100.0,19100.0,19090.75,19097.5,29
2024-09-03,23:52,19102.75,19102.75,19102.75,19102.75,5
2024-09-03,23:53,19102.0,19102.0,19101.0,19101.0,2
2024-09-03,23:54,19097.0,19097.0,19092.75,19092.75,6
2024-09-03,23:55,19092.75,19096.5,19092.75,19096.5,5
2024-09-03,23:56,19096.25,19100.0,19096.0,19100.0,4
2024-09-03,23:57,19102.75,19104.0,19102.25,19104.0,7
2024-09-03,23:58,19107.5,19107.5,19107.0,19107.0,2
2024-09-03,23:59,19108.75,19108.75,19106.25,19106.25,5
2024-09-04,00:00,19112.5,19118.25,19112.5,19118.25,7
2024-09-04,00:01,19117.25,19118.75,19112.25,19112.25,16
2024-09-04,00:02,19118.0,19120.0,19118.0,19118.5,6
2024-09-04,00:03,19116.75,19116.75,19115.5,19115.5,4
2024-09-04,00:05,19116.25,19116.25,19116.25,19116.25,1
2024-09-04,00:06,19121.25,19122.0,19121.25,19121.5,5
2024-09-04,00:07,19124.75,19129.75,19124.75,19129.75,11
2024-09-04,00:08,19132.25,19132.25,19132.25,19132.25,3
2024-09-04,00:09,19135.5,19139.25,19134.75,19134.75,8
2024-09-04,00:10,19139.5,19140.75,19139.5,19140.75,2
2024-09-04,00:11,19131.25,19131.25,19125.5,19125.5,4
2024-09-04,00:12,19121.5,19124.5,19121.5,19124.5,5
2024-09-04,00:13,19121.75,19121.75,19121.75,19121.75,1
2024-09-04,00:14,19122.75,19122.75,19122.75,19122.75,1
2024-09-04,00:16,19111.0,19111.0,19108.75,19109.0,12
2024-09-04,00:17,19105.75,19105.75,19105.75,19105.75,2
2024-09-04,00:18,19113.0,19113.0,19113.0,19113.0,1
2024-09-04,00:19,19113.75,19113.75,19113.75,19113.75,1
2024-09-04,00:20,19111.25,19111.25,19111.25,19111.25,1
2024-09-04,00:21,19108.0,19108.0,19107.5,19107.5,3
2024-09-04,00:22,19105.75,19105.75,19105.75,19105.75,1
2024-09-04,00:23,19103.75,19103.75,19103.5,19103.5,2
2024-09-04,00:24,19104.0,19104.25,19104.0,19104.25,2
2024-09-04,00:25,19103.5,19103.5,19103.5,19103.5,1
2024-09-04,00:27,19104.0,19104.0,19099.75,19099.75,6
2024-09-04,00:28,19098.25,19101.5,19098.25,19101.5,7
2024-09-04,00:29,19102.0,19102.0,19097.5,19097.5,5
2024-09-04,00:32,19104.25,19104.25,19104.25,19104.25,1
2024-09-04,00:33,19106.25,19106.25,19105.0,19105.0,5
2024-09-04,00:34,19107.75,19107.75,19107.75,19107.75,1
2024-09-04,00:35,19109.0,19111.75,19109.0,19111.75,4
2024-09-04,00:36,19107.25,19107.25,19107.25,19107.25,1
2024-09-04,00:37,19103.5,19103.5,19103.5,19103.5,1
2024-09-04,00:38,19105.0,19105.0,19105.0,19105.0,1
2024-09-04,00:39,19105.25,19105.25,19105.25,19105.25,1
2024-09-04,00:40,19104.75,19104.75,19104.75,19104.75,2
2024-09-04,00:42,19108.0,19108.0,19108.0,19108.0,1
2024-09-04,00:43,19113.75,19114.0,19113.75,19114.0,3
2024-09-04,00:44,19110.25,19110.25,19108.0,19109.5,5
2024-09-04,00:45,19109.25,19109.25,19109.25,19109.25,2
2024-09-04,00:46,19110.5,19110.5,19110.5,19110.5,1
2024-09-04,00:47,19107.75,19110.25,19107.75,19110.25,3
2024-09-04,00:49,19105.75,19105.75,19105.75,19105.75,1
2024-09-04,00:50,19105.0,19105.0,19082.5,19082.75,28
2024-09-04,00:51,19083.25,19086.75,19083.25,19086.75,3
2024-09-04,00:52,19096.75,19096.75,19096.75,19096.75,2
2024-09-04,00:53,19091.25,19096.0,19091.25,19096.0,2
2024-09-04,00:54,19091.25,19096.0,19091.25,19096.0,4
2024-09-04,00:55,19092.5,19092.5,19092.25,19092.25,2
2024-09-04,00:56,19097.25,19097.75,19097.25,19097.75,3
2024-09-04,00:57,19092.5,19092.5,19090.25,19090.25,2
2024-09-04,00:58,19093.25,19093.25,19093.25,19093.25,1
2024-09-04,00:59,19092.25,19092.25,19089.75,19089.75,4
2024-09-04,01:00,19090.25,19091.5,19090.25,19091.5,4
2024-09-04,01:01,19087.25,19087.25,19082.25,19082.5,9
2024-09-04,01:02,19082.5,19085.0,19082.0,19085.0,9
2024-09-04,01:03,19088.25,19088.25,19078.0,19078.0,6
2024-09-04,01:05,19079.75,19079.75,19079.75,19079.75,2
2024-09-04,01:06,19077.5,19079.5,19070.25,19073.25,15
2024-09-04,01:07,19073.0,19077.5,19070.0,19077.5,17
2024-09-04,01:08,19079.75,19080.0,19078.75,19080.0,4
2024-09-04,01:09,19079.25,19079.25,19074.25,19074.25,5
2024-09-04,01:10,19073.5,19073.5,19073.5,19073.5,1
2024-09-04,01:11,19074.75,19080.25,19074.25,19080.25,12
2024-09-04,01:12,19080.25,19080.75,19077.75,19078.25,10
2024-09-04,01:13,19075.0,19075.0,19075.0,19075.0,1
2024-09-04,01:15,19076.25,19076.25,19069.75,19076.25,7
2024-09-04,01:16,19081.75,19081.75,19081.25,19081.75,4
2024-09-04,01:17,19085.0,19085.0,19081.5,19081.5,4
2024-09-04,01:18,19081.5,19083.0,19080.25,19080.25,5
2024-09-04,01:19,19080.0,19081.25,19080.0,19081.25,3
2024-09-04,01:20,19079.0,19079.0,19077.75,19079.0,3
2024-09-04,01:21,19079.75,19083.0,19079.75,19083.0,6
2024-09-04,01:22,19080.25,19082.0,19080.0,19080.0,8
2024-09-04,01:23,19084.25,19084.25,19084.25,19084.25,1
2024-09-04,01:24,19083.75,19089.0,19083.75,19089.0,8
2024-09-04,01:25,19094.0,19094.0,19090.75,19093.75,3
2024-09-04,01:26,19095.0,19105.25,19095.0,19100.75,11
2024-09-04,01:27,19096.5,19096.5,19095.0,19095.0,3
2024-09-04,01:28,19099.25,19099.5,19096.0,19099.5,11
2024-09-04,01:29,19100.5,19100.5,19093.25,19093.25,6
2024-09-04,01:30,19095.0,19099.25,19092.5,19092.75,15
2024-09-04,01:31,19094.75,19099.0,19089.75,19097.5,15
2024-09-04,01:32,19099.0,19107.25,19099.0,19103.25,10
2024-09-04,01:33,19104.5,19105.5,19104.5,19105.5,6
2024-09-04,01:34,19104.25,19104.25,19096.25,19099.25,19
2024-09-04,01:35,19097.5,19098.75,19092.0,19092.5,29
2024-09-04,01:36,19092.75,19092.75,19087.25,19087.25,9
2024-09-04,01:37,19085.25,19089.25,19084.75,19084.75,6
2024-09-04,01:38,19087.25,19087.25,19084.75,19085.25,8
2024-09-04,01:39,19087.5,19087.5,19087.5,19087.5,1
2024-09-04,01:40,19084.75,19084.75,19075.5,19081.25,11
2024-09-04,01:41,19078.75,19080.25,19077.25,19080.25,5
2024-09-04,01:42,19079.5,19079.75,19074.75,19074.75,5
2024-09-04,01:43,19079.0,19084.5,19079.0,19084.25,11
2024-09-04,01:44,19082.75,19084.0,19082.75,19084.0,3
2024-09-04,01:45,19079.0,19080.0,19079.0,19080.0,9
2024-09-04,01:46,19087.0,19087.0,19083.5,19084.5,3
2024-09-04,01:47,19081.5,19081.5,19080.5,19080.5,6
2024-09-04,01:48,19079.0,19080.5,19078.5,19078.75,15
2024-09-04,01:49,19077.75,19077.75,19064.25,19064.25,17
2024-09-04,01:50,19065.0,19071.75,19065.0,19071.75,12
2024-09-04,01:51,19086.75,19086.75,19079.0,19079.25,34
2024-09-04,01:52,19074.0,19077.25,19070.0,19077.25,24
2024-09-04,01:53,19075.25,19075.75,19073.75,19074.25,13
2024-09-04,01:54,19073.75,19083.25,19073.75,19083.25,20
2024-09-04,01:56,19084.0,19091.0,19084.0,19091.0,6
2024-09-04,01:57,19092.0,19092.5,19090.0,19091.75,12
2024-09-04,01:58,19089.75,19089.75,19086.5,19086.5,8
2024-09-04,01:59,19083.25,19083.5,19083.25,19083.5,2
2024-09-04,02:00,19087.75,19087.75,19085.25,19085.25,4
2024-09-04,02:01,19092.0,19116.25,19092.0,19112.75,47
2024-09-04,02:02,19113.0,19119.5,19112.25,19112.25,66
2024-09-04,02:03,19113.0,19115.25,19109.75,19112.5,14
2024-09-04,02:04,19112.5,19112.5,19107.0,19109.25,34
2024-09-04,02:05,19101.75,19103.0,19097.0,19099.75,33
2024-09-04,02:06,19110.0,19121.75,19110.0,19118.0,52
2024-09-04,02:07,19116.25,19116.25,19109.5,19109.5,12
2024-09-04,02:08,19114.25,19114.5,19098.75,19099.25,50
2024-09-04,02:09,19091.25,19092.5,19085.0,19091.5,23
2024-09-04,02:10,19093.25,19097.25,19091.75,19095.5,13
2024-09-04,02:11,19096.75,19102.75,19096.75,19099.5,7
2024-09-04,02:12,19098.75,19098.75,19098.75,19098.75,2
2024-09-04,02:13,19098.0,19100.0,19095.5,19100.0,5
2024-09-04,02:14,19095.5,19098.0,19095.0,19098.0,6
2024-09-04,02:15,19097.0,19107.0,19097.0,19104.25,3
2024-09-04,02:16,19105.25,19106.0,19104.5,19105.75,9
2024-09-04,02:17,19104.25,19113.75,19102.25,19102.25,10
2024-09-04,02:18,19098.0,19098.0,19097.25,19097.75,4
2024-09-04,02:19,19100.5,19103.0,19100.5,19103.0,4
2024-09-04,02:20,19104.25,19104.25,19104.25,19104.25,1
2024-09-04,02:21,19105.75,19110.5,19105.75,19110.5,12
2024-09-04,02:22,19110.25,19110.25,19110.25,19110.25,1
2024-09-04,02:23,19115.75,19116.0,19112.0,19112.5,16
2024-09-04,02:24,19112.0,19112.0,19110.5,19110.5,2
2024-09-04,02:25,19106.0,19106.0,19104.25,19104.5,3
2024-09-04,02:27,19122.0,19125.25,19122.0,19124.0,18
2024-09-04,02:28,19124.0,19132.0,19123.75,19127.0,26
2024-09-04,02:29,19129.25,19134.25,19126.25,19134.0,15
2024-09-04,02:30,19138.0,19138.0,19125.0,19128.25,26
2024-09-04,02:31,19124.75,19131.0,19124.75,19127.75,21
2024-09-04,02:32,19131.75,19131.75,19128.5,19129.0,5
2024-09-04,02:33,19129.0,19129.0,19126.25,19126.25,3
2024-09-04,02:34,19130.75,19132.25,19127.25,19127.25,5
2024-09-04,02:35,19130.25,19132.25,19130.25,19132.25,4
2024-09-04,02:36,19124.75,19132.0,19124.75,19131.75,6
2024-09-04,02:37,19126.5,19126.5,19126.5,19126.5,1
2024-09-04,02:38,19129.5,19129.5,19123.0,19123.0,2
2024-09-04,02:39,19126.25,19126.25,19124.25,19124.25,3
2024-09-04,02:41,19123.0,19123.25,19121.0,19121.0,12
2024-09-04,02:42,19120.5,19120.5,19114.5,19117.5,5
2024-09-04,02:43,19113.25,19113.25,19107.0,19110.25,5
2024-09-04,02:44,19112.5,19112.5,19112.0,19112.0,2
2024-09-04,02:46,19119.25,19119.75,19119.25,19119.75,2
2024-09-04,02:49,19117.75,19120.0,19117.75,19120.0,2
2024-09-04,02:51,19109.5,19113.0,19102.5,19103.75,16
2024-09-04,02:52,19098.0,19098.0,19095.0,19095.5,10
2024-09-04,02:53,19098.75,19103.5,19098.75,19103.0,16
2024-09-04,02:54,19094.0,19094.0,19089.0,19089.0,12
2024-09-04,02:55,19089.0,19091.75,19085.0,19085.75,21
2024-09-04,02:56,19078.5,19081.25,19076.5,19081.25,9
2024-09-04,02:57,19081.0,19083.0,19075.0,19078.25,21
2024-09-04,02:58,19074.75,19080.5,19067.75,19067.75,22
2024-09-04,02:59,19068.0,19073.5,19068.0,19068.5,38
2024-09-04,03:00,19072.25,19075.5,19071.0,19075.5,9
2024-09-04,03:01,19065.0,19071.75,19057.25,19062.75,44
2024-09-04,03:02,19061.75,19074.5,19061.5,19072.75,10
2024-09-04,03:03,19074.5,19075.75,19066.5,19066.5,12
2024-09-04,03:04,19075.0,19076.5,19072.0,19073.25,8
2024-09-04,03:05,19068.75,19076.0,19064.25,19072.5,17
2024-09-04,03:06,19073.5,19076.5,19069.0,19073.25,19
2024-09-04,03:07,19075.0,19094.25,19071.25,19094.25,46
2024-09-04,03:08,19090.75,19094.5,19087.75,19087.75,22
2024-09-04,03:09,19093.5,19105.75,19093.5,19105.5,17
2024-09-04,03:10,19105.25,19110.25,19088.5,19088.5,37
2024-09-04,03:11,19098.0,19099.5,19095.25,19097.5,10
2024-09-04,03:12,19099.25,19104.25,19099.25,19104.25,16
2024-09-04,03:13,19107.25,19121.75,19107.25,19121.75,29
2024-09-04,03:14,19118.0,19118.0,19107.25,19108.5,28
2024-09-04,03:15,19108.25,19112.75,19104.25,19109.5,29
2024-09-04,03:16,19112.75,19119.5,19111.25,19119.5,12
2024-09-04,03:17,19119.5,19119.75,19109.5,19109.5,20
2024-09-04,03:18,19107.75,19107.75,19102.5,19102.5,14
2024-09-04,03:19,19103.75,19108.5,19096.25,19101.25,52
2024-09-04,03:20,19101.0,19110.0,19101.0,19110.0,14
2024-09-04,03:21,19111.0,19113.75,19108.25,19108.25,16
2024-09-04,03:22,19108.5,19108.5,19091.25,19099.0,25
2024-09-04,03:23,19101.5,19107.25,19099.0,19105.0,18
2024-09-04,03:24,19101.0,19114.0,19099.75,19114.0,63
2024-09-04,03:25,19111.75,19115.0,19102.5,19115.0,48
2024-09-04,03:26,19108.5,19108.5,19100.0,19100.0,11
2024-09-04,03:27,19104.0,19104.0,19095.0,19096.0,20
2024-09-04,03:28,19102.25,19102.25,19094.5,19094.5,12
2024-09-04,03:29,19096.25,19096.25,19086.0,19088.5,13
2024-09-04,03:30,19088.75,19094.5,19087.5,19088.75,15
2024-09-04,03:31,19091.5,19095.25,19086.0,19091.0,21
2024-09-04,03:32,19094.25,19103.25,19094.25,19100.0,7
2024-09-04,03:33,19103.0,19104.75,19097.0,19099.25,11
2024-09-04,03:34,19097.75,19109.75,19097.75,19109.75,9
2024-09-04,03:35,19108.25,19110.25,19101.5,19104.25,17
2024-09-04,03:36,19101.25,19112.0,19098.75,19112.0,17
2024-09-04,03:37,19110.75,19115.0,19109.5,19111.5,14
2024-09-04,03:38,19112.25,19118.0,19112.25,19117.0,3
2024-09-04,03:39,19117.5,19118.5,19114.5,19117.75,19
2024-09-04,03:40,19119.75,19119.75,19112.5,19118.25,14
2024-09-04,03:41,19116.5,19121.75,19115.5,19118.5,18
2024-09-04,03:42,19120.5,19127.0,19120.5,19124.25,14
2024-09-04,03:43,19128.0,19134.0,19126.5,19132.25,14
2024-09-04,03:44,19125.25,19129.0,19123.75,19128.5,15
2024-09-04,03:45,19126.25,19130.0,19125.25,19125.75,27
2024-09-04,03:46,19125.75,19127.5,19120.25,19127.5,14
2024-09-04,03:47,19126.0,19130.0,19124.5,19124.5,18
2024-09-04,03:48,19122.25,19134.75,19122.25,19134.75,9
2024-09-04,03:49,19133.75,19142.75,19131.25,19141.0,35
2024-09-04,03:50,19139.25,19139.5,19127.5,19127.5,16
2024-09-04,03:51,19129.5,19129.5,19124.0,19124.5,5
2024-09-04,03:52,19124.5,19127.75,19122.75,19127.75,20
2024-09-04,03:53,19127.5,19127.75,19118.5,19122.5,20
2024-09-04,03:54,19123.75,19128.5,19123.75,19127.0,15
2024-09-04,03:55,19126.0,19130.0,19125.25,19129.75,8
2024-09-04,03:56,19124.75,19127.5,19124.5,19127.5,3
2024-09-04,03:57,19128.25,19128.5,19123.0,19127.75,21
2024-09-04,03:58,19128.25,19129.5,19125.25,19129.5,10
2024-09-04,03:59,19128.0,19128.0,19125.5,19125.5,5
2024-09-04,04:00,19126.5,19137.75,19126.5,19133.75,48
2024-09-04,04:01,19135.25,19135.25,19122.25,19127.0,23
2024-09-04,04:02,19123.25,19128.5,19121.75,19123.5,30
2024-09-04,04:03,19114.25,19115.75,19112.5,19112.5,18
2024-09-04,04:04,19113.5,19119.75,19111.5,19117.5,19
2024-09-04,04:05,19115.75,19117.25,19110.0,19117.25,21
2024-09-04,04:06,19116.5,19117.5,19112.75,19117.5,12
2024-09-04,04:07,19115.0,19118.0,19113.5,19113.5,24
2024-09-04,04:08,19116.0,19116.0,19112.0,19112.0,8
2024-09-04,04:09,19113.0,19115.75,19110.0,19110.0,18
2024-09-04,04:10,19107.75,19107.75,19104.0,19105.25,18
2024-09-04,04:11,19106.0,19111.25,19106.0,19109.5,30
2024-09-04,04:12,19113.75,19120.25,19113.75,19119.0,14
2024-09-04,04:13,19115.0,19115.75,19112.75,19113.75,9
2024-09-04,04:14,19112.0,19112.0,19104.0,19104.0,15
2024-09-04,04:15,19105.0,19105.0,19101.75,19105.0,8
2024-09-04,04:16,19104.5,19104.5,19103.75,19103.75,3
2024-09-04,04:17,19113.75,19117.5,19113.0,19116.25,16
2024-09-04,04:18,19114.5,19114.5,19107.0,19108.0,21
2024-09-04,04:19,19108.5,19109.5,19107.5,19109.5,6
2024-09-04,04:20,19114.0,19121.75,19113.25,19117.0,22
2024-09-04,04:21,19116.25,19116.75,19113.75,19116.25,14
2024-09-04,04:22,19118.25,19118.75,19111.25,19111.5,21
2024-09-04,04:23,19111.75,19116.5,19111.75,19114.0,10
2024-09-04,04:24,19112.25,19112.25,19109.25,19109.5,10
2024-09-04,04:25,19110.5,19112.0,19109.25,19111.75,6
2024-09-04,04:26,19121.5,19125.75,19121.25,19121.25,13
2024-09-04,04:27,19118.75,19121.5,19118.75,19120.25,6
2024-09-04,04:28,19120.25,19127.75,19117.75,19127.75,4
2024-09-04,04:29,19127.25,19132.5,19125.25,19128.0,27
2024-09-04,04:30,19129.75,19141.75,19127.25,19141.5,34
2024-09-04,04:31,19141.25,19150.0,19141.25,19150.0,12
2024-09-04,04:32,19151.5,19153.75,19148.25,19148.75,10
2024-09-04,04:33,19140.0,19152.25,19139.75,19151.25,42
2024-09-04,04:34,19149.75,19150.5,19144.5,19148.0,27
2024-09-04,04:35,19150.5,19150.5,19146.75,19146.75,12
2024-09-04,04:36,19146.5,19146.5,19137.25,19141.25,13
2024-09-04,04:37,19142.25,19142.5,19138.25,19138.25,8
2024-09-04,04:38,19137.25,19137.5,19132.25,19132.5,9
2024-09-04,04:39,19137.0,19137.0,19131.75,19133.0,10
2024-09-04,04:40,19132.75,19134.5,19130.5,19131.75,9
2024-09-04,04:41,19126.75,19129.25,19120.25,19120.25,15
2024-09-04,04:42,19120.25,19125.25,19120.25,19122.75,12
2024-09-04,04:43,19123.0,19125.25,19121.5,19125.25,5
2024-09-04,04:44,19120.75,19121.75,19120.0,19121.75,9
2024-09-04,04:45,19119.5,19127.75,19119.25,19126.25,20
2024-09-04,04:46,19125.75,19130.0,19121.25,19124.5,21
2024-09-04,04:47,19127.25,19127.5,19123.0,19123.0,6
2024-09-04,04:48,19127.75,19127.75,19123.5,19127.5,6
2024-09-04,04:49,19127.0,19128.0,19124.75,19124.75,5
2024-09-04,04:50,19127.5,19128.0,19127.0,19127.75,15
2024-09-04,04:51,19127.75,19127.75,19127.75,19127.75,1
2024-09-04,04:52,19129.0,19131.5,19128.25,19131.0,15
2024-09-04,04:53,19131.5,19133.75,19128.25,19133.75,20
2024-09-04,04:54,19134.25,19144.5,19134.25,19144.5,16
2024-09-04,04:55,19141.75,19148.0,19141.75,19147.0,9
2024-09-04,04:56,19149.75,19149.75,19137.5,19138.75,12
2024-09-04,04:57,19139.25,19143.5,19139.25,19143.5,6
2024-09-04,04:58,19139.75,19142.75,19139.75,19142.0,8
2024-09-04,04:59,19137.5,19137.5,19130.25,19135.75,6
2024-09-04,05:00,19135.75,19135.75,19126.0,19128.0,10
2024-09-04,05:01,19127.25,19129.75,19127.25,19127.5,4
2024-09-04,05:02,19127.5,19136.75,19127.5,19136.75,5
2024-09-04,05:03,19138.25,19142.0,19138.25,19139.0,10
2024-09-04,05:04,19140.25,19149.5,19140.25,19144.5,11
2024-09-04,05:05,19142.75,19142.75,19135.0,19137.5,5
2024-09-04,05:06,19133.0,19133.0,19128.75,19128.75,12
2024-09-04,05:07,19129.0,19130.25,19125.75,19127.0,21
2024-09-04,05:08,19124.0,19124.0,19124.0,19124.0,6
2024-09-04,05:09,19125.5,19125.5,19124.0,19124.0,5
2024-09-04,05:10,19126.25,19126.25,19125.5,19125.5,2
2024-09-04,05:12,19130.25,19130.25,19126.75,19126.75,4
2024-09-04,05:13,19131.0,19131.0,19131.0,19131.0,2
2024-09-04,05:14,19130.5,19130.5,19130.5,19130.5,2
2024-09-04,05:16,19131.5,19134.75,19130.25,19134.75,15
2024-09-04,05:17,19136.75,19140.0,19136.75,19139.0,17
2024-09-04,05:18,19139.0,19145.0,19139.0,19143.75,15
2024-09-04,05:19,19145.0,19152.25,19144.75,19152.25,13
2024-09-04,05:20,19151.25,19151.25,19146.75,19149.25,15
2024-09-04,05:21,19146.5,19150.5,19146.5,19150.5,4
2024-09-04,05:22,19147.75,19147.75,19143.75,19143.75,9
2024-09-04,05:23,19145.25,19145.5,19143.5,19143.5,7
2024-09-04,05:24,19140.0,19140.0,19133.0,19136.5,10
2024-09-04,05:25,19132.5,19135.0,19132.5,19135.0,5
2024-09-04,05:26,19135.5,19136.75,19135.0,19136.5,17
2024-09-04,05:27,19135.75,19136.25,19133.25,19133.25,14
2024-09-04,05:28,19135.0,19135.0,19133.5,19134.5,5
2024-09-04,05:30,19134.25,19134.75,19134.0,19134.75,3
2024-09-04,05:31,19137.0,19137.0,19137.0,19137.0,1
2024-09-04,05:32,19140.0,19144.0,19140.0,19144.0,16
2024-09-04,05:33,19144.0,19145.5,19142.0,19142.0,8
2024-09-04,05:34,19145.25,19149.0,19145.25,19149.0,3
2024-09-04,05:35,19144.75,19146.25,19143.5,19145.0,6
2024-09-04,05:36,19147.25,19147.25,19146.25,19146.25,3
2024-09-04,05:37,19149.5,19150.0,19148.0,19150.0,6
2024-09-04,05:38,19154.75,19154.75,19150.75,19150.75,13
2024-09-04,05:39,19149.5,19154.75,19149.5,19154.75,6
2024-09-04,05:40,19153.25,19158.5,19153.25,19158.5,12
2024-09-04,05:41,19159.5,19159.75,19156.25,19158.5,8
2024-09-04,05:42,19157.0,19158.0,19154.75,19154.75,24
2024-09-04,05:43,19156.25,19161.0,19155.5,19161.0,5
2024-09-04,05:44,19160.75,19161.25,19159.5,19160.0,5
2024-09-04,05:45,19159.25,19166.0,19159.0,19166.0,44
2024-09-04,05:46,19169.0,19170.5,19162.25,19162.25,14
2024-09-04,05:47,19163.75,19164.0,19160.0,19160.5,18
2024-09-04,05:48,19159.0,19159.0,19158.0,19158.5,7
2024-09-04,05:49,19158.0,19158.0,19156.0,19156.0,5
2024-09-04,05:50,19152.25,19152.25,19148.25,19148.75,6
2024-09-04,05:51,19143.5,19144.75,19143.5,19143.75,4
2024-09-04,05:52,19137.0,19137.0,19135.25,19136.75,6
2024-09-04,05:53,19135.25,19139.0,19134.0,19137.75,15
2024-09-04,05:54,19138.75,19138.75,19134.75,19134.75,10
2024-09-04,05:55,19139.0,19141.25,19138.25,19141.25,15
2024-09-04,05:56,19140.25,19142.25,19140.25,19142.25,3
2024-09-04,05:57,19144.25,19146.5,19143.25,19146.5,7
2024-09-04,05:58,19147.5,19149.0,19147.5,19148.75,5
2024-09-04,05:59,19154.25,19157.0,19148.5,19150.0,11
2024-09-04,06:00,19151.5,19157.75,19151.5,19155.0,31
2024-09-04,06:01,19152.25,19157.5,19152.25,19157.5,7
2024-09-04,06:02,19150.25,19151.25,19146.5,19146.5,7
2024-09-04,06:04,19138.5,19140.25,19137.5,19140.25,7
2024-09-04,06:05,19141.75,19146.5,19139.75,19142.25,14
2024-09-04,06:06,19140.0,19140.0,19137.75,19138.25,11
2024-09-04,06:07,19135.25,19135.25,19133.25,19133.25,16
2024-09-04,06:08,19132.25,19133.25,19129.25,19129.25,18
2024-09-04,06:09,19130.5,19130.5,19128.5,19130.25,7
2024-09-04,06:10,19129.0,19129.0,19129.0,19129.0,1
2024-09-04,06:11,19129.25,19129.25,19129.25,19129.25,1
2024-09-04,06:12,19124.5,19124.5,19118.5,19118.5,23
2024-09-04,06:13,19119.0,19122.0,19117.25,19117.25,23
2024-09-04,06:14,19118.25,19118.25,19114.0,19114.25,9
2024-09-04,06:15,19115.25,19115.25,19115.25,19115.25,2
2024-09-04,06:16,19115.5,19117.75,19115.5,19117.75,3
2024-09-04,06:17,19116.25,19116.25,19110.25,19110.5,13
2024-09-04,06:18,19110.0,19112.75,19109.25,19110.75,6
2024-09-04,06:19,19114.5,19118.0,19114.0,19114.0,10
2024-09-04,06:20,19116.5,19118.0,19115.0,19118.0,8
2024-09-04,06:21,19115.5,19118.0,19115.5,19118.0,3
2024-09-04,06:22,19113.25,19113.75,19113.25,19113.75,2
2024-09-04,06:23,19115.25,19116.25,19113.0,19113.0,6
2024-09-04,06:24,19113.5,19114.75,19113.25,19113.25,5
2024-09-04,06:25,19115.0,19116.25,19114.25,19115.75,9
2024-09-04,06:26,19115.25,19117.25,19113.75,19113.75,3
2024-09-04,06:27,19114.0,19114.0,19114.0,19114.0,1
2024-09-04,06:28,19113.0,19114.25,19113.0,19114.25,4
2024-09-04,06:29,19113.0,19113.0,19110.0,19110.0,4
2024-09-04,06:30,19111.0,19116.0,19111.0,19116.0,3
2024-09-04,06:31,19118.5,19119.0,19117.75,19119.0,5
2024-09-04,06:32,19123.0,19124.0,19120.25,19120.25,6
2024-09-04,06:33,19119.0,19125.0,19119.0,19125.0,3
2024-09-04,06:34,19123.25,19123.25,19119.75,19119.75,4
2024-09-04,06:35,19122.5,19122.5,19116.0,19118.25,5
2024-09-04,06:36,19117.25,19117.25,19117.0,19117.0,2
2024-09-04,06:38,19107.5,19107.75,19102.0,19107.75,13
2024-09-04,06:39,19105.0,19106.5,19103.25,19106.5,8
2024-09-04,06:40,19107.0,19107.0,19106.0,19106.0,5
2024-09-04,06:41,19108.75,19111.25,19108.75,19109.5,4
2024-09-04,06:42,19107.75,19111.25,19107.75,19111.25,4
2024-09-04,06:43,19110.25,19110.25,19110.25,19110.25,1
2024-09-04,06:44,19105.75,19105.75,19105.5,19105.5,2
2024-09-04,06:45,19112.0,19112.0,19110.75,19110.75,3
2024-09-04,06:46,19111.25,19114.5,19111.0,19111.0,9
2024-09-04,06:47,19111.5,19111.75,19111.5,19111.75,2
2024-09-04,06:48,19114.0,19117.25,19114.0,19117.25,4
2024-09-04,06:49,19116.25,19116.25,19114.25,19114.25,3
2024-09-04,06:50,19110.5,19110.5,19108.25,19109.25,7
2024-09-04,06:51,19109.25,19109.25,19109.25,19109.25,1
2024-09-04,06:52,19107.25,19107.25,19103.0,19104.0,7
2024-09-04,06:53,19106.25,19106.25,19103.5,19104.25,3
2024-09-04,06:54,19100.0,19100.0,19097.0,19098.25,19
2024-09-04,06:55,19098.25,19098.25,19096.25,19096.25,10
2024-09-04,06:56,19095.0,19095.0,19089.0,19089.25,24
2024-09-04,06:57,19089.75,19093.0,19089.5,19092.0,24
2024-09-04,06:58,19093.25,19093.75,19090.0,19090.0,8
2024-09-04,06:59,19091.25,19091.25,19088.0,19088.0,12
2024-09-04,07:00,19088.0,19091.5,19088.0,19089.75,17
2024-09-04,07:01,19087.75,19087.75,19083.0,19083.5,26
2024-09-04,07:02,19081.5,19082.5,19079.0,19079.0,14
2024-09-04,07:03,19080.25,19081.75,19075.25,19075.5,12
2024-09-04,07:04,19075.75,19076.25,19074.25,19074.25,37
2024-09-04,07:05,19076.25,19076.25,19072.75,19075.25,26
2024-09-04,07:06,19078.25,19087.5,19078.25,19087.5,11
2024-09-04,07:07,19089.5,19089.5,19087.75,19088.5,9
2024-09-04,07:08,19088.5,19093.25,19088.5,19093.25,11
2024-09-04,07:09,19088.5,19089.25,19087.0,19088.75,10
2024-09-04,07:10,19088.5,19100.0,19088.0,19099.0,30
2024-09-04,07:11,19100.75,19101.25,19098.25,19098.25,21
2024-09-04,07:12,19102.0,19102.5,19095.75,19098.25,9
2024-09-04,07:13,19096.75,19096.75,19092.25,19096.5,10
2024-09-04,07:14,19094.0,19094.0,19085.5,19088.75,14
2024-09-04,07:15,19090.5,19090.5,19089.25,19089.75,5
2024-09-04,07:16,19088.0,19089.75,19087.25,19088.0,7
2024-09-04,07:17,19085.75,19085.75,19081.75,19081.75,8
2024-09-04,07:18,19090.0,19090.0,19090.0,19090.0,1
2024-09-04,07:19,19093.5,19093.5,19093.25,19093.25,2
2024-09-04,07:20,19089.75,19089.75,19089.75,19089.75,1
2024-09-04,07:21,19094.25,19095.0,19094.25,19094.5,4
2024-09-04,07:22,19095.0,19095.0,19090.75,19090.75,3
2024-09-04,07:23,19092.5,19092.5,19090.75,19090.75,3
2024-09-04,07:24,19093.5,19094.75,19087.75,19088.25,10
2024-09-04,07:25,19085.0,19085.75,19085.0,19085.75,9
2024-09-04,07:26,19092.5,19095.75,19092.25,19092.25,6
2024-09-04,07:27,19090.25,19091.0,19086.5,19090.0,30
2024-09-04,07:28,19088.75,19092.5,19088.5,19092.5,4
2024-09-04,07:29,19096.25,19099.0,19094.5,19099.0,7
2024-09-04,07:30,19099.0,19105.75,19099.0,19102.75,17
2024-09-04,07:31,19104.25,19104.25,19097.0,19098.25,11
2024-09-04,07:32,19097.75,19097.75,19095.25,19097.5,7
2024-09-04,07:33,19100.75,19107.25,19100.25,19103.0,20
2024-09-04,07:34,19105.25,19105.25,19099.75,19100.75,23
2024-09-04,07:35,19099.75,19104.5,19099.75,19102.75,7
2024-09-04,07:36,19102.75,19103.75,19102.75,19103.75,3
2024-09-04,07:37,19107.75,19110.0,19107.0,19109.25,15
2024-09-04,07:38,19109.75,19112.0,19108.75,19108.75,7
2024-09-04,07:39,19109.0,19109.0,19099.75,19100.0,10
2024-09-04,07:40,19094.25,19094.75,19091.5,19092.0,10
2024-09-04,07:41,19090.5,19092.25,19090.5,19091.5,12
2024-09-04,07:42,19091.75,19092.5,19085.0,19085.0,17
2024-09-04,07:43,19085.5,19091.0,19085.0,19091.0,4
2024-09-04,07:44,19091.5,19092.5,19089.25,19091.5,11
2024-09-04,07:45,19087.0,19093.0,19087.0,19090.0,10
2024-09-04,07:46,19089.0,19090.75,19085.5,19088.75,40
2024-09-04,07:47,19090.0,19092.5,19090.0,19092.5,10
2024-09-04,07:48,19091.5,19092.25,19091.25,19091.25,5
2024-09-04,07:49,19089.0,19089.0,19087.5,19087.5,6
2024-09-04,07:50,19086.75,19089.25,19082.5,19089.25,17
2024-09-04,07:51,19088.5,19088.5,19084.0,19085.25,4
2024-09-04,07:52,19086.5,19087.75,19086.5,19087.75,7
2024-09-04,07:53,19084.75,19087.5,19084.75,19086.75,11
2024-09-04,07:54,19087.0,19088.0,19084.25,19088.0,13
2024-09-04,07:55,19093.75,19100.0,19093.75,19100.0,18
2024-09-04,07:56,19100.75,19102.0,19099.75,19100.0,14
2024-09-04,07:57,19102.0,19107.0,19102.0,19106.0,14
2024-09-04,07:58,19105.0,19105.0,19096.5,19098.5,11
2024-09-04,07:59,19102.25,19104.5,19100.0,19100.0,9
2024-09-04,08:00,19100.5,19103.0,19097.75,19100.5,11
2024-09-04,08:01,19099.5,19101.75,19099.5,19099.75,4
2024-09-04,08:02,19099.5,19108.75,19099.0,19108.75,26
2024-09-04,08:03,19109.0,19109.0,19104.0,19104.0,11
2024-09-04,08:04,19109.75,19112.5,19105.5,19107.5,11
2024-09-04,08:05,19110.5,19113.5,19110.5,19113.25,3
2024-09-04,08:06,19114.0,19119.25,19113.5,19113.5,34
2024-09-04,08:07,19114.5,19114.5,19113.25,19113.5,4
2024-09-04,08:08,19113.0,19115.0,19112.25,19115.0,11
2024-09-04,08:09,19114.25,19117.75,19114.25,19116.25,18
2024-09-04,08:10,19116.5,19116.5,19110.75,19112.5,8
2024-09-04,08:11,19110.75,19111.25,19110.75,19111.25,3
2024-09-04,08:12,19106.0,19108.75,19105.5,19108.5,10
2024-09-04,08:13,19107.0,19108.0,19105.25,19105.25,9
2024-09-04,08:14,19104.5,19104.5,19101.75,19102.5,9
2024-09-04,08:15,19104.75,19105.5,19102.5,19102.5,7
2024-09-04,08:16,19103.75,19105.25,19103.25,19105.25,6
2024-09-04,08:17,19104.25,19104.25,19097.25,19097.75,6
2024-09-04,08:18,19096.25,19097.5,19095.5,19097.5,3
2024-09-04,08:19,19096.5,19096.75,19095.0,19096.25,12
2024-09-04,08:20,19096.0,19096.0,19095.0,19095.0,2
2024-09-04,08:21,19094.75,19094.75,19093.75,19094.0,7
2024-09-04,08:22,19098.25,19101.25,19097.25,19097.25,7
2024-09-04,08:24,19095.5,19095.5,19094.75,19094.75,5
2024-09-04,08:25,19094.5,19096.0,19090.0,19095.25,21
2024-09-04,08:26,19095.25,19097.5,19093.25,19097.0,14
2024-09-04,08:27,19096.25,19101.25,19096.0,19101.25,5
2024-09-04,08:28,19097.0,19107.5,19097.0,19107.5,3
2024-09-04,08:30,19111.5,19111.5,19111.5,19111.5,1
2024-09-04,08:31,19105.5,19105.5,19105.5,19105.5,5
2024-09-04,08:32,19097.5,19097.5,19097.5,19097.5,2
2024-09-04,08:33,19097.5,19097.5,19083.75,19089.25,21
2024-09-04,08:34,19085.25,19088.75,19084.5,19088.75,19
2024-09-04,08:35,19088.25,19088.5,19082.0,19084.0,45
2024-09-04,08:36,19086.0,19088.0,19086.0,19086.75,6
2024-09-04,08:37,19084.25,19084.25,19082.0,19082.0,9
2024-09-04,08:38,19085.5,19089.75,19081.5,19089.25,11
2024-09-04,08:39,19089.75,19095.5,19089.75,19095.5,9
2024-09-04,08:40,19094.0,19098.5,19093.5,19098.5,8
2024-09-04,08:41,19105.0,19106.5,19104.25,19105.5,19
2024-09-04,08:42,19107.0,19110.75,19107.0,19109.75,21
2024-09-04,08:43,19114.0,19116.0,19114.0,19114.5,29
2024-09-04,08:44,19116.25,19120.75,19113.0,19119.0,21
2024-09-04,08:45,19117.75,19126.5,19117.75,19123.0,60
2024-09-04,08:46,19122.0,19135.25,19121.5,19132.75,64
2024-09-04,08:47,19132.5,19138.0,19131.75,19136.5,33
2024-09-04,08:48,19136.5,19143.0,19136.5,19136.75,28
2024-09-04,08:49,19135.25,19136.75,19133.25,19134.0,11
2024-09-04,08:50,19133.5,19136.25,19130.0,19130.0,13
2024-09-04,08:51,19131.25,19134.25,19131.0,19134.25,6
2024-09-04,08:52,19129.75,19130.0,19129.75,19130.0,2
2024-09-04,08:53,19128.5,19129.5,19128.25,19128.25,3
2024-09-04,08:54,19135.25,19136.0,19134.0,19134.0,6
2024-09-04,08:55,19137.0,19138.5,19137.0,19138.5,5
2024-09-04,08:56,19140.0,19140.0,19136.0,19138.25,18
2024-09-04,08:57,19139.25,19139.25,19134.0,19134.0,20
2024-09-04,08:58,19131.0,19132.5,19130.75,19132.5,10
2024-09-04,08:59,19133.25,19135.25,19133.25,19135.25,5
2024-09-04,09:00,19134.5,19134.5,19132.5,19133.5,6
2024-09-04,09:01,19136.75,19138.25,19136.5,19136.5,8
2024-09-04,09:02,19132.0,19134.0,19130.75,19133.25,17
2024-09-04,09:03,19135.0,19136.75,19129.25,19131.0,16
2024-09-04,09:04,19129.5,19129.5,19122.25,19125.0,23
2024-09-04,09:05,19122.5,19127.5,19121.75,19127.5,19
2024-09-04,09:06,19128.25,19130.75,19127.25,19128.5,10
2024-09-04,09:07,19129.5,19129.5,19118.0,19125.0,21
2024-09-04,09:08,19124.25,19125.5,19120.25,19123.5,33
2024-09-04,09:09,19122.75,19124.75,19122.75,19124.25,30
2024-09-04,09:10,19123.25,19123.25,19120.5,19120.5,13
2024-09-04,09:11,19119.75,19119.75,19116.0,19118.25,6
2024-09-04,09:12,19117.25,19120.75,19117.25,19120.0,15
2024-09-04,09:13,19120.5,19126.5,19120.5,19124.75,13
2024-09-04,09:14,19123.0,19124.0,19119.25,19120.0,7
2024-09-04,09:15,19119.5,19121.25,19116.75,19117.5,15
2024-09-04,09:16,19122.25,19122.25,19118.25,19118.5,12
2024-09-04,09:17,19118.0,19118.0,19115.5,19117.75,8
2024-09-04,09:18,19119.75,19119.75,19117.75,19118.0,7
2024-09-04,09:19,19116.75,19117.5,19116.25,19117.5,4
2024-09-04,09:20,19118.5,19120.5,19111.0,19113.5,30
2024-09-04,09:21,19113.0,19114.25,19110.0,19113.0,20
2024-09-04,09:22,19113.25,19113.25,19111.0,19111.0,13
2024-09-04,09:23,19117.0,19117.0,19110.25,19112.5,12
2024-09-04,09:24,19113.25,19113.25,19102.25,19111.75,29
2024-09-04,09:25,19110.0,19110.5,19095.75,19098.5,75
2024-09-04,09:26,19099.75,19101.0,19094.75,19098.25,22
2024-09-04,09:27,19099.75,19101.25,19096.25,19098.75,37
2024-09-04,09:28,19100.5,19101.0,19097.0,19100.0,18
2024-09-04,09:29,19100.25,19104.5,19099.25,19103.5,26
2024-09-04,09:30,19105.25,19108.5,19084.75,19101.75,38
2024-09-04,09:31,19110.5,19121.0,19093.5,19093.5,27
2024-09-04,09:32,19096.0,19110.25,19087.25,19110.25,36
2024-09-04,09:33,19120.0,19137.25,19118.75,19135.5,46
2024-09-04,09:34,19127.25,19153.5,19125.75,19148.75,43
2024-09-04,09:35,19148.0,19148.0,19133.75,19141.75,24
2024-09-04,09:36,19139.0,19145.75,19118.25,19126.5,71
2024-09-04,09:37,19121.75,19121.75,19101.5,19116.25,81
2024-09-04,09:38,19113.75,19133.75,19112.5,19122.25,115
2024-09-04,09:39,19124.25,19129.0,19111.25,19112.5,103
2024-09-04,09:40,19112.25,19133.5,19108.75,19132.5,135
2024-09-04,09:41,19137.0,19177.0,19137.0,19175.5,146
2024-09-04,09:42,19174.5,19191.25,19174.0,19184.0,128
2024-09-04,09:43,19185.75,19193.25,19176.5,19179.0,57
2024-09-04,09:44,19187.5,19191.0,19165.75,19165.75,52
2024-09-04,09:45,19169.5,19197.75,19163.25,19189.5,73
2024-09-04,09:46,19194.25,19196.75,19176.0,19178.0,40
2024-09-04,09:47,19177.0,19186.75,19160.75,19182.5,85
2024-09-04,09:48,19182.75,19208.25,19181.75,19208.25,148
2024-09-04,09:49,19208.5,19218.5,19200.0,19212.0,104
2024-09-04,09:50,19211.0,19211.0,19181.25,19198.25,135
2024-09-04,09:51,19197.0,19205.75,19193.5,19198.0,94
2024-09-04,09:52,19196.0,19196.0,19179.75,19184.25,57
2024-09-04,09:53,19184.25,19199.5,19176.0,19195.25,81
2024-09-04,09:54,19199.75,19210.0,19194.25,19208.75,83
2024-09-04,09:55,19212.25,19215.75,19189.0,19198.25,102
2024-09-04,09:56,19195.25,19211.75,19191.75,19200.25,64
2024-09-04,09:57,19200.5,19200.5,19180.75,19192.25,97
2024-09-04,09:58,19189.5,19198.0,19181.5,19188.0,16
2024-09-04,09:59,19191.0,19200.0,19187.25,19200.0,45
2024-09-04,10:00,19176.5,19176.5,19063.25,19078.25,202
2024-09-04,10:01,19080.5,19113.5,19076.5,19106.25,138
2024-09-04,10:02,19108.75,19169.0,19106.25,19168.25,188
2024-09-04,10:03,19164.0,19180.0,19146.5,19172.0,86
2024-09-04,10:04,19173.75,19173.75,19123.25,19147.5,159
2024-09-04,10:05,19143.5,19143.5,19119.0,19128.0,115
2024-09-04,10:06,19124.75,19140.75,19113.5,19130.25,160
2024-09-04,10:07,19128.75,19174.0,19117.5,19168.25,44
2024-09-04,10:08,19168.5,19205.5,19168.25,19196.5,71
2024-09-04,10:09,19189.75,19204.75,19180.0,19199.25,56
2024-09-04,10:10,19199.25,19224.75,19198.0,19223.0,118
2024-09-04,10:11,19223.0,19223.0,19193.0,19197.5,63
2024-09-04,10:12,19201.25,19202.75,19164.0,19181.0,66
2024-09-04,10:13,19175.25,19175.25,19149.25,19162.25,87
2024-09-04,10:14,19161.75,19174.5,19158.0,19173.5,27
2024-09-04,10:15,19186.25,19194.5,19161.25,19178.0,69
2024-09-04,10:16,19184.0,19208.0,19184.0,19203.0,51
2024-09-04,10:17,19201.25,19210.0,19142.25,19143.25,79
2024-09-04,10:18,19146.5,19170.25,19146.5,19167.0,47
2024-09-04,10:19,19156.75,19167.0,19156.75,19165.75,20
2024-09-04,10:20,19164.0,19175.75,19158.25,19166.0,45
2024-09-04,10:21,19167.75,19167.75,19150.75,19161.25,35
2024-09-04,10:22,19170.25,19177.75,19160.25,19170.25,35
2024-09-04,10:23,19179.5,19194.25,19175.75,19181.75,38
2024-09-04,10:24,19188.0,19200.0,19174.25,19198.75,19
2024-09-04,10:25,19199.5,19201.75,19181.5,19189.25,24
2024-09-04,10:26,19184.25,19213.25,19184.25,19196.0,45
2024-09-04,10:27,19189.0,19189.0,19178.75,19188.0,36
2024-09-04,10:28,19185.0,19206.0,19185.0,19201.75,26
2024-09-04,10:29,19202.0,19218.25,19198.75,19213.75,20
2024-09-04,10:30,19219.25,19252.5,19207.75,19252.5,110
2024-09-04,10:31,19248.25,19248.25,19230.75,19237.25,33
2024-09-04,10:32,19234.0,19239.25,19230.0,19238.0,71
2024-09-04,10:33,19243.5,19257.25,19241.75,19255.0,105
2024-09-04,10:34,19249.0,19264.5,19249.0,19264.25,128
2024-09-04,10:35,19263.75,19264.75,19243.25,19257.25,94
2024-09-04,10:36,19256.75,19260.5,19242.5,19244.5,118
2024-09-04,10:37,19247.75,19262.75,19245.75,19255.25,63
2024-09-04,10:38,19257.75,19268.75,19251.75,19266.5,79
2024-09-04,10:39,19264.5,19279.0,19263.25,19263.5,97
2024-09-04,10:40,19262.0,19285.0,19260.5,19285.0,95
2024-09-04,10:41,19283.75,19285.75,19268.75,19278.5,78
2024-09-04,10:42,19277.75,19279.25,19260.0,19262.75,73
2024-09-04,10:43,19264.5,19279.0,19262.0,19272.0,105
2024-09-04,10:44,19273.0,19293.0,19273.0,19288.25,84
2024-09-04,10:45,19288.25,19291.5,19271.0,19280.0,77
2024-09-04,10:46,19281.25,19284.0,19257.5,19258.25,90
2024-09-04,10:47,19258.75,19266.75,19252.0,19266.75,85
2024-09-04,10:48,19263.5,19264.5,19236.25,19248.5,160
2024-09-04,10:49,19246.75,19259.75,19245.75,19259.5,59
2024-09-04,10:50,19260.75,19268.75,19256.75,19264.0,67
2024-09-04,10:51,19262.25,19275.75,19262.25,19274.0,77
2024-09-04,10:52,19275.0,19281.0,19270.25,19270.25,57
2024-09-04,10:53,19277.0,19278.5,19265.75,19277.75,95
2024-09-04,10:54,19279.75,19280.0,19268.0,19279.0,70
2024-09-04,10:55,19280.25,19304.0,19278.5,19298.75,123
2024-09-04,10:56,19299.5,19308.5,19294.0,19304.5,103
2024-09-04,10:57,19303.75,19309.25,19302.25,19308.75,47
2024-09-04,10:58,19307.75,19314.75,19299.25,19313.0,64
2024-09-04,10:59,19313.0,19324.0,19312.0,19319.75,98
2024-09-04,11:00,19320.5,19326.75,19312.0,19313.5,69
2024-09-04,11:01,19309.5,19317.5,19307.25,19313.5,74
2024-09-04,11:02,19318.25,19326.25,19316.25,19323.0,20
2024-09-04,11:03,19324.5,19335.5,19323.5,19333.25,118
2024-09-04,11:04,19330.0,19335.5,19326.25,19334.0,40
2024-09-04,11:05,19328.75,19336.25,19327.5,19334.5,70
2024-09-04,11:06,19336.0,19343.0,19334.0,19340.0,49
2024-09-04,11:07,19340.5,19340.5,19314.5,19315.25,86
2024-09-04,11:08,19315.0,19317.5,19305.25,19307.25,107
2024-09-04,11:09,19307.5,19309.0,19291.0,19291.75,87
2024-09-04,11:10,19293.75,19305.5,19292.75,19305.5,73
2024-09-04,11:11,19308.5,19309.75,19301.25,19306.5,46
2024-09-04,11:12,19301.75,19302.5,19297.75,19301.5,38
2024-09-04,11:13,19298.25,19303.0,19295.0,19297.25,49
2024-09-04,11:14,19296.0,19296.0,19275.5,19285.75,95
2024-09-04,11:15,19281.0,19287.25,19278.25,19282.5,58
2024-09-04,11:16,19285.75,19286.25,19275.25,19282.5,67
2024-09-04,11:17,19283.25,19286.75,19267.75,19272.75,88
2024-09-04,11:18,19272.0,19280.0,19268.25,19279.75,79
2024-09-04,11:19,19280.5,19293.25,19280.0,19289.25,91
2024-09-04,11:20,19288.25,19298.0,19286.75,19287.75,39
2024-09-04,11:21,19287.0,19287.5,19264.75,19271.5,91
2024-09-04,11:22,19270.25,19278.25,19261.75,19265.0,63
2024-09-04,11:23,19265.0,19278.25,19262.75,19271.25,91
2024-09-04,11:24,19274.25,19278.75,19273.0,19278.5,27
2024-09-04,11:25,19278.0,19282.5,19266.0,19282.5,43
2024-09-04,11:26,19281.0,19284.75,19259.0,19270.0,105
2024-09-04,11:27,19270.25,19270.5,19265.25,19266.0,30
2024-09-04,11:28,19265.75,19266.25,19246.25,19249.0,199
2024-09-04,11:29,19252.25,19257.5,19237.5,19243.5,72
2024-09-04,11:30,19243.25,19247.0,19206.75,19208.0,281
2024-09-04,11:31,19209.0,19232.5,19208.75,19227.25,103
2024-09-04,11:32,19224.0,19233.75,19222.25,19226.75,58
2024-09-04,11:33,19227.0,19243.5,19222.0,19242.5,69
2024-09-04,11:34,19243.75,19251.5,19237.75,19240.75,57
2024-09-04,11:35,19240.5,19243.5,19231.25,19237.75,75
2024-09-04,11:36,19242.25,19246.5,19236.0,19237.75,46
2024-09-04,11:37,19232.75,19247.5,19231.0,19245.25,41
2024-09-04,11:38,19244.0,19248.5,19236.0,19239.0,39
2024-09-04,11:39,19236.25,19236.5,19219.5,19225.5,68
2024-09-04,11:40,19225.25,19227.0,19209.75,19211.75,112
2024-09-04,11:41,19213.0,19223.75,19212.25,19219.0,37
2024-09-04,11:42,19215.0,19217.5,19206.75,19211.0,45
2024-09-04,11:43,19211.5,19220.25,19211.25,19214.75,28
2024-09-04,11:44,19218.25,19231.25,19212.25,19213.25,65
2024-09-04,11:45,19213.0,19235.5,19213.0,19231.25,88
2024-09-04,11:46,19233.0,19242.5,19230.0,19239.5,60
2024-09-04,11:47,19240.0,19250.0,19237.75,19241.0,73
2024-09-04,11:48,19238.25,19238.25,19230.0,19235.25,50
2024-09-04,11:49,19235.25,19236.0,19231.5,19233.25,19
2024-09-04,11:50,19231.75,19244.0,19231.75,19242.5,42
2024-09-04,11:51,19246.0,19249.0,19234.75,19235.25,32
2024-09-04,11:52,19234.25,19240.5,19231.5,19240.25,45
2024-09-04,11:53,19243.0,19250.5,19240.25,19250.0,34
2024-09-04,11:54,19249.25,19260.0,19249.25,19255.5,48
2024-09-04,11:55,19256.5,19256.5,19248.5,19253.75,28
2024-09-04,11:56,19252.0,19252.0,19210.0,19217.5,87
2024-09-04,11:57,19216.75,19223.75,19214.75,19219.5,70
2024-09-04,11:58,19220.75,19238.0,19220.75,19238.0,34
2024-09-04,11:59,19237.75,19239.75,19232.75,19235.75,25
2024-09-04,12:00,19237.75,19237.75,19229.75,19230.25,29
2024-09-04,12:01,19235.75,19239.75,19233.75,19237.25,12
2024-09-04,12:02,19232.0,19234.0,19222.25,19225.75,35
2024-09-04,12:03,19225.25,19230.75,19223.25,19229.25,25
2024-09-04,12:04,19230.0,19230.0,19209.0,19213.25,41
2024-09-04,12:05,19214.5,19220.0,19206.5,19217.25,49
2024-09-04,12:06,19217.75,19225.0,19215.25,19215.25,37
2024-09-04,12:07,19217.25,19228.75,19214.75,19219.75,27
2024-09-04,12:08,19218.25,19218.25,19208.25,19212.25,30
2024-09-04,12:09,19217.25,19236.75,19217.25,19235.75,30
2024-09-04,12:10,19238.75,19247.5,19236.0,19241.75,66
2024-09-04,12:11,19242.25,19245.25,19231.25,19232.0,26
2024-09-04,12:12,19232.5,19233.5,19221.75,19229.5,26
2024-09-04,12:13,19231.25,19231.25,19222.0,19223.0,23
2024-09-04,12:14,19225.5,19225.5,19218.5,19222.0,26
2024-09-04,12:15,19220.75,19239.0,19220.75,19237.25,39
2024-09-04,12:16,19236.5,19251.25,19234.5,19251.25,19
2024-09-04,12:17,19250.75,19261.5,19250.75,19258.0,43
2024-09-04,12:18,19256.75,19258.5,19253.0,19256.0,24
2024-09-04,12:19,19257.25,19259.0,19246.25,19246.25,32
2024-09-04,12:20,19242.25,19258.0,19242.25,19255.25,38
2024-09-04,12:21,19260.0,19263.75,19254.75,19260.75,35
2024-09-04,12:22,19258.5,19268.0,19254.75,19258.0,51
2024-09-04,12:23,19256.5,19259.75,19250.75,19252.75,34
2024-09-04,12:24,19254.5,19271.5,19254.5,19270.25,37
2024-09-04,12:25,19268.5,19272.0,19265.0,19270.75,24
2024-09-04,12:26,19271.5,19278.0,19268.5,19269.5,58
2024-09-04,12:27,19267.5,19275.5,19266.75,19271.75,18
2024-09-04,12:28,19269.0,19270.75,19263.0,19265.25,14
2024-09-04,12:29,19262.0,19272.0,19260.0,19271.25,31
2024-09-04,12:30,19274.0,19294.75,19271.75,19291.0,103
2024-09-04,12:31,19288.0,19292.25,19286.5,19290.5,24
2024-09-04,12:32,19289.25,19301.0,19288.75,19299.0,59
2024-09-04,12:33,19298.5,19304.5,19293.5,19301.25,48
2024-09-04,12:34,19302.5,19311.0,19302.5,19307.75,53
2024-09-04,12:35,19306.25,19313.0,19306.25,19307.5,53
2024-09-04,12:36,19307.75,19311.0,19302.25,19306.5,38
2024-09-04,12:37,19309.75,19309.75,19305.25,19305.25,23
2024-09-04,12:38,19307.25,19313.25,19304.25,19310.75,36
2024-09-04,12:39,19312.0,19312.0,19302.0,19304.5,40
2024-09-04,12:40,19305.25,19308.0,19300.0,19304.0,29
2024-09-04,12:41,19302.5,19302.5,19287.5,19293.0,102
2024-09-04,12:42,19293.75,19300.5,19290.25,19291.25,36
2024-09-04,12:43,19290.25,19297.25,19283.75,19283.75,27
2024-09-04,12:44,19282.5,19282.75,19256.0,19263.0,114
2024-09-04,12:45,19262.25,19269.75,19256.25,19265.25,51
2024-09-04,12:46,19264.5,19265.5,19246.25,19259.0,64
2024-09-04,12:47,19262.0,19272.0,19259.25,19271.5,33
2024-09-04,12:48,19271.5,19273.5,19261.75,19262.25,60
2024-09-04,12:49,19261.75,19266.25,19259.0,19266.0,32
2024-09-04,12:50,19266.25,19269.0,19260.75,19262.25,27
2024-09-04,12:51,19260.5,19276.25,19260.5,19276.0,36
2024-09-04,12:52,19276.5,19289.0,19275.25,19287.25,28
2024-09-04,12:53,19289.5,19290.75,19279.75,19281.25,38
2024-09-04,12:54,19281.5,19283.25,19280.25,19283.25,29
2024-09-04,12:55,19282.0,19284.25,19277.0,19281.5,14
2024-09-04,12:56,19281.5,19285.75,19279.75,19280.25,18
2024-09-04,12:57,19276.5,19283.75,19270.25,19282.25,52
2024-09-04,12:58,19290.0,19296.25,19286.25,19292.0,51
2024-09-04,12:59,19292.0,19295.5,19291.25,19295.5,23
2024-09-04,13:00,19293.5,19293.5,19282.25,19286.0,64
2024-09-04,13:01,19282.75,19286.5,19278.25,19285.5,31
2024-09-04,13:02,19289.5,19289.5,19280.0,19285.25,28
2024-09-04,13:03,19284.0,19284.0,19268.0,19274.75,58
2024-09-04,13:04,19272.0,19274.0,19262.0,19272.0,35
2024-09-04,13:05,19269.5,19278.75,19269.5,19276.25,17
2024-09-04,13:06,19275.0,19290.75,19274.25,19286.25,36
2024-09-04,13:07,19283.5,19283.5,19267.75,19267.75,13
2024-09-04,13:08,19273.0,19277.75,19273.0,19277.0,14
2024-09-04,13:09,19276.0,19286.0,19276.0,19284.5,44
2024-09-04,13:10,19281.75,19286.5,19281.75,19286.25,15
2024-09-04,13:11,19293.25,19293.25,19290.75,19291.5,8
2024-09-04,13:12,19292.0,19293.0,19287.0,19287.5,18
2024-09-04,13:13,19290.0,19290.25,19273.0,19273.0,36
2024-09-04,13:14,19268.5,19268.5,19260.75,19264.75,34
2024-09-04,13:15,19264.5,19274.5,19264.5,19274.25,19
2024-09-04,13:16,19273.25,19273.25,19252.25,19260.75,67
2024-09-04,13:17,19258.5,19264.0,19255.5,19261.0,24
2024-09-04,13:18,19270.25,19270.25,19261.0,19268.0,37
2024-09-04,13:19,19272.75,19278.5,19268.75,19269.0,24
2024-09-04,13:20,19266.25,19286.25,19266.25,19284.75,37
2024-09-04,13:21,19285.0,19285.0,19276.5,19281.25,17
2024-09-04,13:22,19283.0,19294.75,19282.5,19284.75,68
2024-09-04,13:23,19284.0,19284.0,19274.0,19279.25,46
2024-09-04,13:24,19280.25,19280.25,19259.75,19265.0,24
2024-09-04,13:25,19267.5,19267.5,19259.75,19261.5,10
2024-09-04,13:26,19260.25,19265.25,19249.0,19264.75,28
2024-09-04,13:27,19263.25,19264.5,19246.75,19250.25,44
2024-09-04,13:28,19250.5,19254.5,19249.25,19251.5,21
2024-09-04,13:29,19250.75,19253.0,19236.25,19248.0,42
2024-09-04,13:30,19248.0,19251.0,19244.75,19248.75,26
2024-09-04,13:31,19244.75,19251.0,19240.0,19245.0,82
2024-09-04,13:32,19246.5,19253.0,19241.0,19249.0,41
2024-09-04,13:33,19248.0,19257.0,19242.0,19243.25,23
2024-09-04,13:34,19245.0,19252.75,19243.75,19248.75,41
2024-09-04,13:35,19250.5,19250.5,19243.5,19250.5,24
2024-09-04,13:36,19246.5,19251.0,19238.5,19251.0,64
2024-09-04,13:37,19255.0,19262.5,19254.5,19261.5,55
2024-09-04,13:38,19260.75,19260.75,19246.5,19246.5,21
2024-09-04,13:39,19245.25,19250.0,19244.75,19245.5,19
2024-09-04,13:40,19250.75,19255.0,19250.25,19253.75,22
2024-09-04,13:41,19252.25,19259.75,19252.25,19258.0,6
2024-09-04,13:42,19255.75,19255.75,19241.5,19245.25,18
2024-09-04,13:43,19247.25,19247.25,19232.5,19242.75,26
2024-09-04,13:44,19241.5,19241.5,19232.5,19233.5,27
2024-09-04,13:45,19235.25,19242.0,19234.0,19240.5,39
2024-09-04,13:46,19240.75,19252.5,19240.75,19250.25,23
2024-09-04,13:47,19250.5,19266.25,19250.5,19260.0,95
2024-09-04,13:48,19258.75,19259.25,19248.25,19251.5,25
2024-09-04,13:49,19252.5,19252.5,19246.75,19250.25,10
2024-09-04,13:50,19250.5,19252.5,19244.25,19244.75,33
2024-09-04,13:51,19248.5,19248.5,19237.25,19237.25,19
2024-09-04,13:52,19239.0,19242.5,19234.0,19234.5,17
2024-09-04,13:53,19236.25,19236.5,19225.5,19230.75,55
2024-09-04,13:54,19234.25,19239.75,19233.75,19239.75,14
2024-09-04,13:55,19238.0,19238.5,19227.5,19227.75,20
2024-09-04,13:56,19228.75,19244.0,19228.75,19243.75,32
2024-09-04,13:57,19244.25,19244.5,19235.0,19235.5,17
2024-09-04,13:58,19237.5,19238.0,19220.75,19230.75,24
2024-09-04,13:59,19232.75,19235.0,19227.25,19231.75,18
2024-09-04,14:00,19235.0,19235.0,19221.25,19230.5,83
2024-09-04,14:01,19234.75,19237.0,19233.0,19233.25,23
2024-09-04,14:02,19232.25,19238.75,19230.0,19236.25,31
2024-09-04,14:03,19237.25,19237.25,19225.5,19227.5,23
2024-09-04,14:04,19227.25,19235.25,19220.0,19223.5,54
2024-09-04,14:05,19220.5,19220.75,19212.25,19213.75,50
2024-09-04,14:06,19214.5,19225.0,19214.5,19220.75,29
2024-09-04,14:07,19229.75,19242.25,19229.75,19233.5,150
2024-09-04,14:08,19232.0,19236.5,19229.5,19233.25,21
2024-09-04,14:09,19236.25,19244.0,19233.0,19233.0,19
2024-09-04,14:10,19234.5,19250.25,19234.25,19242.75,59
2024-09-04,14:11,19239.25,19239.25,19227.0,19229.0,30
2024-09-04,14:12,19228.5,19231.0,19226.0,19229.5,31
2024-09-04,14:13,19234.25,19244.75,19234.25,19244.75,27
2024-09-04,14:14,19241.5,19246.75,19240.0,19242.5,26
2024-09-04,14:15,19241.5,19252.75,19241.25,19251.75,41
2024-09-04,14:16,19249.5,19251.75,19246.25,19246.25,29
2024-09-04,14:17,19245.5,19245.5,19234.0,19234.75,36
2024-09-04,14:18,19237.5,19238.5,19224.0,19228.75,61
2024-09-04,14:19,19226.0,19226.5,19216.5,19217.0,37
2024-09-04,14:20,19218.25,19219.25,19212.25,19216.0,37
2024-09-04,14:21,19212.5,19220.75,19203.5,19216.75,57
2024-09-04,14:22,19217.75,19223.25,19211.0,19212.25,80
2024-09-04,14:23,19211.75,19225.0,19211.75,19225.0,13
2024-09-04,14:24,19234.0,19234.5,19230.5,19231.25,21
2024-09-04,14:25,19230.0,19241.0,19228.25,19239.0,22
2024-09-04,14:26,19241.0,19249.75,19241.0,19244.0,28
2024-09-04,14:27,19244.0,19247.25,19240.0,19241.5,36
2024-09-04,14:28,19240.5,19243.5,19238.5,19239.75,9
2024-09-04,14:29,19240.5,19244.25,19238.75,19243.75,13
2024-09-04,14:30,19242.25,19250.0,19233.5,19250.0,57
2024-09-04,14:31,19249.0,19254.0,19246.5,19252.0,59
2024-09-04,14:32,19252.0,19258.25,19241.25,19243.0,83
2024-09-04,14:33,19241.75,19241.75,19220.25,19221.75,67
2024-09-04,14:34,19222.5,19224.25,19216.0,19217.5,56
2024-09-04,14:35,19219.25,19219.25,19195.5,19208.25,159
2024-09-04,14:36,19209.75,19216.25,19206.5,19208.75,68
2024-09-04,14:37,19204.5,19205.5,19190.0,19190.5,78
2024-09-04,14:38,19192.5,19196.0,19182.25,19194.5,88
2024-09-04,14:39,19192.25,19193.5,19188.5,19189.75,43
2024-09-04,14:40,19191.0,19200.0,19191.0,19199.75,37
2024-09-04,14:41,19200.5,19204.75,19194.25,19198.0,40
2024-09-04,14:42,19197.0,19206.25,19197.0,19201.25,24
2024-09-04,14:43,19201.25,19202.5,19197.25,19198.25,23
2024-09-04,14:44,19201.5,19201.5,19188.5,19188.5,30
2024-09-04,14:45,19188.25,19190.5,19176.0,19181.75,74
2024-09-04,14:46,19181.75,19187.75,19178.25,19185.25,45
2024-09-04,14:47,19181.5,19187.25,19177.0,19186.5,22
2024-09-04,14:48,19184.75,19195.75,19184.0,19195.75,52
2024-09-04,14:49,19194.0,19200.5,19186.25,19187.5,75
2024-09-04,14:50,19187.0,19193.75,19184.75,19193.75,11
2024-09-04,14:51,19189.75,19189.75,19170.25,19175.25,55
2024-09-04,14:52,19174.25,19174.75,19162.75,19166.0,110
2024-09-04,14:53,19164.0,19175.5,19163.75,19174.0,32
2024-09-04,14:54,19177.25,19187.25,19176.5,19182.5,72
2024-09-04,14:55,19182.25,19191.25,19179.5,19189.5,33
2024-09-04,14:56,19191.0,19199.5,19183.25,19183.5,63
2024-09-04,14:57,19184.0,19184.0,19168.75,19168.75,42
2024-09-04,14:58,19165.75,19170.75,19164.25,19167.5,78
2024-09-04,14:59,19170.75,19170.75,19160.0,19162.75,40
2024-09-04,15:00,19163.5,19164.5,19147.0,19157.25,139
2024-09-04,15:01,19157.25,19172.75,19157.0,19172.0,37
2024-09-04,15:02,19172.0,19174.75,19161.25,19164.0,69
2024-09-04,15:03,19163.0,19164.75,19156.0,19156.0,46
2024-09-04,15:04,19158.0,19161.0,19152.0,19157.5,39
2024-09-04,15:05,19158.25,19166.5,19155.0,19157.5,104
2024-09-04,15:06,19156.5,19156.75,19140.5,19150.5,78
2024-09-04,15:07,19149.0,19159.0,19148.5,19159.0,67
2024-09-04,15:08,19159.25,19159.25,19141.5,19143.25,51
2024-09-04,15:09,19143.25,19146.25,19138.0,19143.0,49
2024-09-04,15:10,19142.5,19143.5,19134.0,19142.5,66
2024-09-04,15:11,19143.5,19152.5,19140.5,19144.25,100
2024-09-04,15:12,19143.75,19153.0,19137.0,19152.5,99
2024-09-04,15:13,19152.25,19152.75,19145.25,19147.5,54
2024-09-04,15:14,19147.25,19156.5,19147.25,19148.75,39
2024-09-04,15:15,19149.75,19165.0,19149.75,19155.0,49
2024-09-04,15:16,19151.75,19166.5,19151.25,19161.5,39
2024-09-04,15:17,19160.25,19160.25,19148.5,19150.25,41
2024-09-04,15:18,19146.75,19152.25,19146.75,19148.5,10
2024-09-04,15:19,19148.75,19152.75,19148.0,19149.75,31
2024-09-04,15:20,19147.75,19159.0,19147.75,19155.25,50
2024-09-04,15:21,19156.25,19166.75,19156.25,19165.25,49
2024-09-04,15:22,19164.25,19181.0,19164.25,19171.5,91
2024-09-04,15:23,19171.5,19171.5,19162.0,19163.25,77
2024-09-04,15:24,19163.5,19178.75,19163.5,19177.75,71
2024-09-04,15:25,19177.5,19178.0,19159.75,19162.75,90
2024-09-04,15:26,19160.75,19174.5,19158.25,19174.5,40
2024-09-04,15:27,19176.0,19186.5,19174.75,19181.75,32
2024-09-04,15:28,19178.75,19180.75,19173.5,19178.5,28
2024-09-04,15:29,19180.0,19196.25,19178.5,19192.25,71
2024-09-04,15:30,19188.25,19191.5,19186.5,19191.25,82
2024-09-04,15:31,19189.5,19203.0,19185.0,19200.0,120
2024-09-04,15:32,19198.25,19198.25,19186.75,19191.5,45
2024-09-04,15:33,19187.75,19195.0,19183.0,19191.75,25
2024-09-04,15:34,19186.0,19189.0,19178.25,19186.75,48
2024-09-04,15:35,19189.75,19189.75,19172.25,19178.25,78
2024-09-04,15:36,19178.75,19185.75,19174.0,19181.5,100
2024-09-04,15:37,19181.75,19190.5,19179.0,19189.75,38
2024-09-04,15:38,19186.5,19197.25,19186.5,19192.75,46
2024-09-04,15:39,19191.75,19193.75,19187.0,19191.0,48
2024-09-04,15:40,19190.25,19214.0,19189.25,19214.0,95
2024-09-04,15:41,19214.75,19218.5,19208.0,19209.25,73
2024-09-04,15:42,19205.5,19205.5,19194.25,19198.75,13
2024-09-04,15:43,19199.0,19208.0,19197.5,19208.0,22
2024-09-04,15:44,19209.25,19219.25,19205.25,19213.75,59
2024-09-04,15:45,19212.5,19215.0,19198.5,19199.25,21
2024-09-04,15:46,19196.75,19199.0,19191.0,19199.0,68
2024-09-04,15:47,19200.75,19208.75,19200.75,19201.0,32
2024-09-04,15:48,19199.5,19207.0,19193.75,19206.25,55
2024-09-04,15:49,19205.75,19210.75,19200.75,19210.75,19
2024-09-04,15:50,19222.0,19231.0,19214.75,19220.5,76
2024-09-04,15:51,19220.5,19247.25,19212.75,19233.0,101
2024-09-04,15:52,19233.5,19233.5,19211.25,19224.0,102
2024-09-04,15:53,19224.5,19227.5,19205.5,19213.75,59
2024-09-04,15:54,19209.5,19209.5,19183.5,19203.75,183
2024-09-04,15:55,19199.5,19201.5,19182.25,19200.75,152
2024-09-04,15:56,19200.75,19208.0,19200.5,19203.75,103
2024-09-04,15:57,19206.5,19216.75,19206.5,19215.25,97
2024-09-04,15:58,19214.0,19219.25,19210.5,19219.25,76
2024-09-04,15:59,19222.75,19225.5,19184.75,19188.75,145
2024-09-04,16:00,19181.5,19188.5,19181.5,19187.75,26
2024-09-04,16:01,19187.0,19189.5,19178.5,19182.0,63
2024-09-04,16:02,19180.75,19185.25,19179.5,19185.25,30
2024-09-04,16:03,19185.75,19191.0,19185.25,19191.0,9
2024-09-04,16:04,19187.75,19190.5,19187.75,19190.25,7
2024-09-04,16:05,19189.0,19189.25,19184.5,19184.5,8
2024-09-04,16:06,19185.5,19187.5,19185.5,19187.5,7
2024-09-04,16:07,19189.0,19190.0,19175.0,19183.5,48
2024-09-04,16:08,19184.75,19185.75,19178.75,19178.75,14
2024-09-04,16:09,19177.5,19178.5,19175.25,19175.25,15
2024-09-04,16:10,19180.25,19181.25,19179.75,19180.0,7
2024-09-04,16:11,19180.25,19182.25,19180.25,19180.25,6
2024-09-04,16:12,19179.0,19179.0,19169.25,19170.75,19
2024-09-04,16:13,19173.0,19174.5,19165.0,19165.0,7
2024-09-04,16:14,19168.75,19168.75,19168.0,19168.0,4
2024-09-04,16:15,19166.25,19168.5,19165.5,19166.5,16
2024-09-04,16:16,19160.0,19165.5,19147.75,19160.0,35
2024-09-04,16:17,19160.0,19162.25,19159.75,19162.25,5
2024-09-04,16:18,19164.25,19165.75,19160.75,19160.75,6
2024-09-04,16:19,19160.5,19160.5,19160.5,19160.5,1
2024-09-04,16:20,19158.75,19161.25,19158.75,19161.25,10
2024-09-04,16:21,19162.25,19162.25,19160.0,19160.0,10
2024-09-04,16:23,19154.25,19154.25,19152.0,19152.0,3
2024-09-04,16:24,19159.25,19166.0,19159.25,19165.5,6
2024-09-04,16:25,19166.75,19172.0,19166.75,19172.0,6
2024-09-04,16:26,19175.0,19176.5,19175.0,19176.5,3
2024-09-04,16:27,19177.5,19183.0,19177.5,19178.0,25
2024-09-04,16:28,19179.75,19181.0,19179.0,19181.0,9
2024-09-04,16:29,19186.25,19186.25,19185.0,19185.0,3
2024-09-04,16:30,19179.75,19181.75,19179.75,19181.75,4
2024-09-04,16:31,19182.25,19191.75,19182.25,19191.75,8
2024-09-04,16:32,19192.75,19192.75,19191.75,19191.75,2
2024-09-04,16:33,19193.75,19193.75,19192.5,19193.5,21
2024-09-04,16:34,19195.75,19195.75,19190.25,19190.25,7
2024-09-04,16:35,19185.0,19185.0,19185.0,19185.0,1
2024-09-04,16:36,19181.0,19181.0,19181.0,19181.0,2
2024-09-04,16:37,19182.25,19184.0,19182.25,19184.0,3
2024-09-04,16:38,19183.0,19183.0,19182.0,19182.0,4
2024-09-04,16:39,19180.25,19180.25,19180.25,19180.25,2
2024-09-04,16:40,19182.75,19182.75,19182.75,19182.75,1
2024-09-04,16:42,19182.25,19182.25,19182.25,19182.25,1
2024-09-04,16:44,19183.0,19186.25,19183.0,19186.25,9
2024-09-04,16:45,19188.0,19188.0,19185.25,19185.25,19
2024-09-04,16:46,19185.0,19185.0,19184.75,19184.75,2
2024-09-04,16:47,19180.75,19181.25,19180.75,19181.25,9
2024-09-04,16:48,19181.25,19181.25,19179.75,19181.25,5
2024-09-04,16:49,19181.75,19181.75,19181.75,19181.75,2
2024-09-04,16:51,19187.0,19187.0,19187.0,19187.0,1
2024-09-04,16:52,19178.0,19178.0,19177.75,19177.75,2
2024-09-04,16:53,19184.5,19184.5,19184.5,19184.5,1
2024-09-04,16:54,19181.0,19181.0,19181.0,19181.0,1
2024-09-04,16:55,19189.5,19189.5,19189.5,19189.5,1
2024-09-04,16:56,19190.25,19190.25,19190.25,19190.25,2
2024-09-04,16:59,19189.25,19189.25,19189.25,19189.25,2
